,Iteration,Fitness,FEvals,Time,State,schedule_type,schedule_init_temp,schedule_decay,schedule_min_temp,schedule_current_value,Temperature,max_iters,schedule_exp_const
0,0,29.0,0,0.005953700001555262,"[6, 19, 28, 14, 10, 7, 28, 20, 6, 25, 18, 22, 10, 10, 23, 20, 3, 7, 23, 2, 21, 20, 1, 23, 11, 29, 5, 1, 31, 27, 20, 0]",geometric,1,0.99,0.001,0.999940165105592,1,4096,
1,1,29.0,2,0.048163499999645865,"[6, 19, 28, 14, 10, 7, 28, 20, 6, 25, 18, 26, 10, 10, 23, 20, 3, 7, 23, 2, 21, 20, 1, 23, 11, 29, 5, 1, 31, 27, 20, 0]",geometric,1,0.99,0.001,0.9995160577869497,1,4096,
2,2,29.0,3,0.09707290000005742,"[6, 19, 28, 14, 10, 7, 28, 20, 6, 25, 18, 26, 10, 10, 23, 20, 3, 7, 23, 2, 21, 20, 1, 23, 11, 29, 5, 1, 31, 27, 20, 0]",geometric,1,0.99,0.001,0.99902486051055,1,4096,
3,4,30.0,7,0.16806700000233832,"[6, 19, 28, 14, 10, 7, 28, 20, 6, 25, 18, 26, 10, 10, 23, 20, 3, 7, 23, 2, 21, 20, 1, 23, 11, 29, 31, 28, 31, 27, 20, 0]",geometric,1,0.99,0.001,0.9983122959809327,1,4096,
4,8,26.0,12,0.2235082000006514,"[6, 19, 28, 14, 10, 7, 28, 20, 6, 25, 18, 26, 10, 10, 23, 20, 3, 7, 11, 2, 21, 20, 1, 23, 11, 29, 31, 28, 31, 27, 20, 0]",geometric,1,0.99,0.001,0.9977561886406695,1,4096,
5,16,22.0,24,0.29549240000051213,"[6, 19, 28, 14, 10, 7, 28, 20, 6, 25, 18, 26, 10, 10, 28, 20, 3, 26, 11, 2, 8, 20, 1, 23, 11, 29, 31, 13, 31, 27, 20, 0]",geometric,1,0.99,0.001,0.9970346076252938,1,4096,
6,32,23.0,47,0.45380049999948824,"[6, 19, 28, 14, 10, 7, 28, 20, 6, 3, 18, 7, 10, 31, 28, 12, 3, 26, 11, 2, 8, 20, 1, 23, 30, 24, 31, 12, 31, 27, 20, 0]",geometric,1,0.99,0.001,0.9954495374352474,1,4096,
7,64,16.0,96,0.6763357000018004,"[4, 19, 28, 12, 9, 8, 16, 20, 6, 3, 26, 7, 14, 31, 25, 12, 3, 26, 11, 2, 8, 20, 1, 23, 30, 22, 30, 11, 31, 5, 20, 0]",geometric,1,0.99,0.001,0.9932256491385689,1,4096,
8,128,11.0,180,1.1564500000022235,"[4, 28, 17, 23, 9, 15, 16, 20, 6, 3, 26, 7, 14, 31, 25, 18, 24, 26, 11, 31, 8, 20, 1, 19, 30, 22, 18, 8, 17, 5, 2, 0]",geometric,1,0.99,0.001,0.9884445718847814,1,4096,
9,256,9.0,325,1.8944343000002846,"[4, 28, 18, 23, 9, 12, 16, 21, 6, 3, 11, 13, 3, 14, 25, 18, 24, 26, 11, 31, 8, 20, 1, 19, 30, 22, 10, 3, 17, 24, 2, 4]",geometric,1,0.99,0.001,0.9811404092461772,1,4096,
10,512,5.0,608,3.472721599999204,"[18, 5, 23, 16, 26, 12, 16, 2, 6, 3, 27, 13, 4, 0, 25, 29, 30, 26, 11, 31, 8, 20, 1, 19, 14, 22, 10, 0, 28, 24, 21, 17]",geometric,1,0.99,0.001,0.9657000324509623,1,4096,
11,1024,3.0,1150,7.636679400002322,"[18, 9, 24, 16, 10, 15, 29, 2, 23, 3, 17, 13, 4, 0, 25, 6, 21, 26, 11, 31, 8, 4, 1, 19, 14, 22, 7, 5, 28, 20, 16, 30]",geometric,1,0.99,0.001,0.9261202503521264,1,4096,
12,2048,3.0,2202,18.877084899999318,"[18, 9, 24, 28, 7, 15, 29, 2, 8, 30, 17, 13, 10, 0, 28, 19, 21, 26, 11, 31, 8, 4, 14, 22, 20, 5, 27, 6, 12, 23, 25, 1]",geometric,1,0.99,0.001,0.8271898520122858,1,4096,
13,4096,1.0,4278,43.080988600002456,"[18, 9, 1, 16, 7, 15, 26, 2, 23, 30, 17, 13, 10, 3, 0, 19, 21, 28, 5, 31, 8, 4, 14, 29, 20, 1, 27, 24, 12, 6, 11, 25]",geometric,1,0.99,0.001,0.6485744980539903,1,4096,
14,0,29.0,0,0.004835399999137735,"[6, 19, 28, 14, 10, 7, 28, 20, 6, 25, 18, 22, 10, 10, 23, 20, 3, 7, 23, 2, 21, 20, 1, 23, 11, 29, 5, 1, 31, 27, 20, 0]",exponential,1,,0.001,0.9999758232922656,1,4096,0.005
15,1,29.0,2,0.11706219999905443,"[6, 19, 28, 14, 10, 7, 28, 20, 6, 25, 18, 26, 10, 10, 23, 20, 3, 7, 23, 2, 21, 20, 1, 23, 11, 29, 5, 1, 31, 27, 20, 0]",exponential,1,,0.001,0.9994148602610728,1,4096,0.005
16,2,29.0,3,0.2272649000005913,"[6, 19, 28, 14, 10, 7, 28, 20, 6, 25, 18, 26, 10, 10, 23, 20, 3, 7, 23, 2, 21, 20, 1, 23, 11, 29, 5, 1, 31, 27, 20, 0]",exponential,1,,0.001,0.9988643208722078,1,4096,0.005
17,4,30.0,7,0.3452601999997569,"[6, 19, 28, 14, 10, 7, 28, 20, 6, 25, 18, 26, 10, 10, 23, 20, 3, 7, 23, 2, 21, 20, 1, 23, 11, 29, 31, 28, 31, 27, 20, 0]",exponential,1,,0.001,0.9982751882005131,1,4096,0.005
18,8,26.0,12,0.46361089999845717,"[6, 19, 28, 14, 10, 7, 28, 20, 6, 25, 18, 26, 10, 10, 23, 20, 3, 7, 11, 2, 21, 20, 1, 23, 11, 29, 31, 28, 31, 27, 20, 0]",exponential,1,,0.001,0.9976846301135793,1,4096,0.005
19,16,22.0,24,0.5963771999995515,"[6, 19, 28, 14, 10, 7, 28, 20, 6, 25, 18, 26, 10, 10, 28, 20, 3, 26, 11, 2, 8, 20, 1, 23, 11, 29, 31, 13, 31, 27, 20, 0]",exponential,1,,0.001,0.9970225554063749,1,4096,0.005
20,32,23.0,47,0.7567768999979307,"[6, 19, 28, 14, 10, 7, 28, 20, 6, 3, 18, 7, 10, 31, 28, 12, 3, 26, 11, 2, 8, 20, 1, 23, 30, 24, 31, 12, 31, 27, 20, 0]",exponential,1,,0.001,0.9962232653700279,1,4096,0.005
21,64,18.0,98,1.122468099998514,"[4, 10, 28, 12, 9, 8, 16, 20, 15, 3, 26, 7, 14, 31, 25, 12, 3, 26, 11, 2, 8, 20, 1, 23, 30, 22, 30, 11, 31, 5, 20, 0]",exponential,1,,0.001,0.9944033792609853,1,4096,0.005
22,128,14.0,188,1.6936103999978513,"[28, 0, 24, 23, 9, 13, 16, 20, 3, 3, 31, 7, 14, 20, 25, 19, 4, 26, 22, 2, 8, 14, 1, 14, 30, 22, 18, 11, 31, 29, 5, 17]",exponential,1,,0.001,0.9915677009618591,1,4096,0.005
23,256,10.0,348,2.6561901999994006,"[25, 0, 17, 23, 9, 28, 30, 20, 3, 30, 21, 7, 20, 20, 16, 19, 8, 26, 4, 2, 8, 31, 1, 14, 30, 15, 18, 11, 22, 1, 5, 31]",exponential,1,,0.001,0.9868068516988096,1,4096,0.005
24,512,8.0,626,4.365125799999078,"[25, 13, 17, 23, 9, 27, 30, 1, 12, 19, 21, 7, 29, 20, 3, 19, 15, 26, 4, 4, 7, 2, 24, 14, 0, 22, 19, 11, 16, 30, 5, 31]",exponential,1,,0.001,0.9784108266519225,1,4096,0.005
25,1024,4.0,1168,8.248504899998807,"[25, 13, 31, 23, 9, 27, 30, 14, 12, 19, 21, 7, 29, 26, 3, 6, 30, 17, 11, 4, 10, 2, 20, 15, 0, 22, 28, 0, 16, 24, 5, 18]",exponential,1,,0.001,0.9595963760933756,1,4096,0.005
26,2048,4.0,2237,19.35402979999708,"[25, 13, 8, 23, 9, 27, 24, 14, 7, 30, 21, 5, 28, 30, 3, 18, 2, 17, 19, 6, 10, 1, 31, 15, 0, 4, 1, 22, 16, 12, 26, 29]",exponential,1,,0.001,0.9077646327644531,1,4096,0.005
27,4096,1.0,4333,54.21080660000007,"[25, 11, 26, 17, 23, 27, 8, 14, 7, 0, 21, 31, 10, 30, 3, 18, 13, 1, 19, 5, 28, 2, 31, 16, 6, 29, 20, 22, 24, 12, 15, 9]",exponential,1,,0.001,0.7625752910611491,1,4096,0.005
28,0,29.0,0,0.004472800002986332,"[6, 19, 28, 14, 10, 7, 28, 20, 6, 25, 18, 22, 10, 10, 23, 20, 3, 7, 23, 2, 21, 20, 1, 23, 11, 29, 5, 1, 31, 27, 20, 0]",geometric,2,0.99,0.001,1.9999100957362836,2,4096,
29,1,29.0,2,0.2975806000031298,"[6, 19, 28, 14, 10, 7, 28, 20, 6, 25, 18, 26, 10, 10, 23, 20, 3, 7, 23, 2, 21, 20, 1, 23, 11, 29, 5, 1, 31, 27, 20, 0]",geometric,2,0.99,0.001,1.9940273659370662,2,4096,
30,2,31.0,4,0.6051686000027985,"[6, 19, 28, 14, 10, 7, 28, 20, 6, 25, 18, 24, 10, 10, 23, 20, 3, 7, 23, 2, 21, 20, 1, 23, 11, 29, 5, 1, 31, 27, 20, 0]",geometric,2,0.99,0.001,1.9878726222802425,2,4096,
31,4,32.0,8,0.9091949000030581,"[6, 19, 28, 14, 10, 7, 28, 20, 6, 25, 18, 24, 10, 10, 23, 20, 3, 7, 23, 2, 21, 20, 1, 23, 11, 29, 31, 28, 31, 27, 20, 0]",geometric,2,0.99,0.001,1.9818078158698857,2,4096,
32,8,28.0,13,1.195362100002967,"[6, 19, 28, 14, 10, 7, 28, 20, 6, 25, 18, 24, 10, 10, 23, 20, 3, 7, 11, 2, 21, 20, 1, 23, 11, 29, 31, 28, 31, 27, 20, 0]",geometric,2,0.99,0.001,1.9761161737644135,2,4096,
33,16,26.0,27,1.5527433000024757,"[6, 19, 28, 14, 10, 7, 11, 20, 26, 25, 18, 24, 10, 10, 2, 20, 3, 26, 11, 2, 8, 20, 1, 23, 11, 29, 31, 13, 31, 27, 20, 0]",geometric,2,0.99,0.001,1.9690310892661995,2,4096,
34,32,27.0,56,1.9439791000004334,"[6, 9, 28, 14, 10, 7, 8, 13, 26, 3, 19, 7, 10, 31, 13, 12, 3, 26, 11, 2, 8, 20, 1, 23, 30, 24, 31, 12, 31, 27, 20, 0]",geometric,2,0.99,0.001,1.9613039599224869,2,4096,
35,64,25.0,110,2.481993900000816,"[0, 10, 28, 12, 9, 7, 16, 11, 30, 28, 19, 7, 19, 31, 13, 12, 3, 26, 11, 2, 8, 20, 30, 23, 30, 22, 19, 25, 31, 4, 20, 4]",geometric,2,0.99,0.001,1.950727360241604,2,4096,
36,128,17.0,204,3.1443773999999394,"[24, 0, 31, 23, 0, 7, 16, 11, 2, 28, 24, 28, 19, 29, 27, 30, 5, 13, 22, 24, 8, 2, 30, 4, 30, 22, 3, 15, 31, 0, 20, 4]",geometric,2,0.99,0.001,1.9377841540366907,2,4096,
37,256,11.0,370,4.142595100001927,"[21, 31, 17, 11, 2, 7, 16, 29, 3, 28, 24, 20, 4, 29, 8, 6, 29, 13, 22, 18, 23, 26, 30, 5, 30, 0, 3, 12, 25, 1, 20, 4]",geometric,2,0.99,0.001,1.9184406766668904,2,4096,
38,512,6.0,656,5.982860400003119,"[21, 31, 17, 11, 29, 7, 19, 16, 3, 28, 24, 18, 30, 0, 8, 6, 4, 13, 22, 25, 23, 2, 14, 5, 14, 26, 26, 12, 7, 18, 1, 15]",geometric,2,0.99,0.001,1.8832846831019066,2,4096,
39,1024,3.0,1186,9.962124400000903,"[21, 31, 17, 11, 29, 4, 19, 9, 3, 6, 24, 16, 28, 0, 8, 26, 4, 13, 22, 10, 30, 2, 25, 5, 14, 23, 27, 12, 7, 18, 1, 15]",geometric,2,0.99,0.001,1.8094528097671847,2,4096,
40,2048,2.0,2239,20.92977510000128,"[26, 31, 17, 11, 2, 4, 19, 9, 3, 27, 24, 16, 21, 0, 6, 8, 2, 20, 25, 10, 30, 1, 22, 5, 14, 29, 23, 12, 7, 18, 1, 15]",geometric,2,0.99,0.001,1.6205991255604415,2,4096,
41,4096,2.0,4331,56.329317300002,"[26, 25, 17, 11, 2, 4, 25, 18, 31, 27, 24, 16, 21, 3, 6, 8, 5, 20, 14, 10, 30, 1, 22, 29, 19, 13, 23, 28, 7, 12, 15, 9]",geometric,2,0.99,0.001,1.1354381631861301,2,4096,
42,0,29.0,0,0.031855900000664406,"[6, 19, 28, 14, 10, 7, 28, 20, 6, 25, 18, 22, 10, 10, 23, 20, 3, 7, 23, 2, 21, 20, 1, 23, 11, 29, 5, 1, 31, 27, 20, 0]",exponential,2,,0.001,1.9996814663686056,2,4096,0.005
43,1,29.0,2,0.4975795000027574,"[6, 19, 28, 14, 10, 7, 28, 20, 6, 25, 18, 26, 10, 10, 23, 20, 3, 7, 23, 2, 21, 20, 1, 23, 11, 29, 5, 1, 31, 27, 20, 0]",exponential,2,,0.001,1.9950303895040757,2,4096,0.005
44,2,31.0,4,0.9093285000017204,"[6, 19, 28, 14, 10, 7, 28, 20, 6, 25, 18, 24, 10, 10, 23, 20, 3, 7, 23, 2, 21, 20, 1, 23, 11, 29, 5, 1, 31, 27, 20, 0]",exponential,2,,0.001,1.99092735566425,2,4096,0.005
45,4,32.0,8,1.3663787000004959,"[6, 19, 28, 14, 10, 7, 28, 20, 6, 25, 18, 24, 10, 10, 23, 20, 3, 7, 23, 2, 21, 20, 1, 23, 11, 29, 31, 28, 31, 27, 20, 0]",exponential,2,,0.001,1.9863827816577373,2,4096,0.005
46,8,28.0,13,1.8153137000008428,"[6, 19, 28, 14, 10, 7, 28, 20, 6, 25, 18, 24, 10, 10, 23, 20, 3, 7, 11, 2, 21, 20, 1, 23, 11, 29, 31, 28, 31, 27, 20, 0]",exponential,2,,0.001,1.9819289984053339,2,4096,0.005
47,16,26.0,27,2.3232438000013644,"[6, 19, 28, 14, 10, 7, 11, 20, 26, 25, 18, 24, 10, 10, 2, 20, 3, 26, 11, 2, 8, 20, 1, 23, 11, 29, 31, 13, 31, 27, 20, 0]",exponential,2,,0.001,1.9769019775734986,2,4096,0.005
48,32,27.0,56,2.902043900001445,"[6, 9, 28, 14, 10, 7, 8, 13, 26, 3, 19, 7, 10, 31, 13, 12, 3, 26, 11, 2, 8, 20, 1, 23, 30, 24, 31, 12, 31, 27, 20, 0]",exponential,2,,0.001,1.9711890927948827,2,4096,0.005
49,64,27.0,111,3.64768980000008,"[0, 10, 28, 12, 9, 7, 16, 11, 30, 28, 19, 7, 19, 31, 13, 12, 3, 26, 11, 2, 8, 20, 30, 23, 26, 22, 19, 25, 31, 4, 20, 4]",exponential,2,,0.001,1.9638537299237915,2,4096,0.005
50,128,21.0,211,4.502788800000417,"[5, 28, 6, 23, 27, 7, 16, 11, 2, 28, 24, 28, 19, 20, 27, 2, 0, 26, 9, 24, 8, 2, 30, 23, 29, 22, 1, 0, 31, 29, 20, 17]",exponential,2,,0.001,1.9554752070502741,2,4096,0.005
51,256,15.0,399,5.870751100002963,"[8, 16, 23, 11, 22, 7, 12, 5, 2, 25, 27, 31, 3, 31, 27, 14, 0, 28, 9, 19, 16, 25, 25, 17, 31, 6, 10, 5, 26, 30, 20, 4]",exponential,2,,0.001,1.9421457626505818,2,4096,0.005
52,512,8.0,705,7.98582780000288,"[28, 11, 23, 11, 1, 28, 7, 1, 10, 2, 17, 31, 29, 3, 26, 29, 14, 30, 21, 25, 16, 1, 1, 22, 0, 6, 8, 5, 28, 24, 18, 20]",exponential,2,,0.001,1.9217150481300223,2,4096,0.005
53,1024,3.0,1242,12.268293500001164,"[26, 11, 19, 12, 15, 28, 7, 13, 10, 2, 17, 31, 16, 3, 26, 29, 14, 30, 21, 4, 16, 1, 27, 22, 0, 4, 8, 5, 9, 6, 18, 20]",exponential,2,,0.001,1.881004068120307,2,4096,0.005
54,2048,1.0,2287,24.069761700000527,"[7, 25, 19, 12, 15, 24, 3, 13, 10, 2, 28, 31, 16, 23, 26, 29, 14, 30, 21, 4, 11, 1, 27, 22, 0, 21, 8, 5, 9, 6, 18, 20]",exponential,2,,0.001,1.7732222505567403,2,4096,0.005
55,4096,1.0,4358,61.23574610000287,"[7, 25, 19, 12, 15, 24, 3, 13, 10, 4, 28, 1, 16, 23, 26, 31, 14, 30, 21, 6, 11, 29, 27, 22, 0, 17, 8, 5, 9, 29, 18, 20]",exponential,2,,0.001,1.47251003293697,2,4096,0.005
56,0,29.0,0,0.004745300000649877,"[6, 19, 28, 14, 10, 7, 28, 20, 6, 25, 18, 22, 10, 10, 23, 20, 3, 7, 23, 2, 21, 20, 1, 23, 11, 29, 5, 1, 31, 27, 20, 0]",geometric,3,0.99,0.001,2.9998569278355194,3,4096,
57,1,29.0,2,0.6832523000011861,"[6, 19, 28, 14, 10, 7, 28, 20, 6, 25, 18, 26, 10, 10, 23, 20, 3, 7, 23, 2, 21, 20, 1, 23, 11, 29, 5, 1, 31, 27, 20, 0]",geometric,3,0.99,0.001,2.979469824895675,3,4096,
58,2,31.0,4,1.4088807000007364,"[6, 19, 28, 14, 10, 7, 28, 20, 6, 25, 18, 24, 10, 10, 23, 20, 3, 7, 23, 2, 21, 20, 1, 23, 11, 29, 5, 1, 31, 27, 20, 0]",geometric,3,0.99,0.001,2.957820159561111,3,4096,
59,4,32.0,8,2.0170322000012675,"[6, 19, 28, 14, 10, 7, 28, 20, 6, 25, 18, 24, 10, 10, 23, 20, 3, 7, 23, 2, 21, 20, 1, 23, 11, 29, 31, 28, 31, 27, 20, 0]",geometric,3,0.99,0.001,2.939796724491422,3,4096,
60,8,29.0,14,2.6580737000003865,"[6, 19, 4, 14, 10, 7, 28, 20, 6, 25, 18, 24, 10, 10, 23, 20, 3, 7, 11, 2, 21, 20, 1, 23, 11, 29, 31, 28, 31, 27, 20, 0]",geometric,3,0.99,0.001,2.9209174299130076,3,4096,
61,16,26.0,27,3.3173850999992283,"[6, 19, 4, 14, 10, 7, 28, 20, 26, 25, 18, 24, 10, 10, 2, 20, 3, 26, 11, 2, 8, 20, 1, 23, 11, 29, 31, 13, 31, 27, 20, 0]",geometric,3,0.99,0.001,2.9016265360401383,3,4096,
62,32,27.0,55,4.071831900000689,"[6, 9, 4, 14, 10, 7, 28, 13, 26, 3, 19, 7, 10, 31, 13, 12, 3, 26, 11, 2, 8, 20, 1, 23, 30, 24, 31, 12, 31, 27, 20, 0]",geometric,3,0.99,0.001,2.8797083179639467,3,4096,
63,64,29.0,113,4.910999800002173,"[0, 10, 12, 12, 9, 7, 30, 22, 14, 28, 19, 7, 14, 31, 13, 12, 3, 26, 11, 29, 8, 20, 30, 23, 30, 23, 19, 11, 31, 24, 20, 0]",geometric,3,0.99,0.001,2.855523221531066,3,4096,
64,128,15.0,209,5.952430000001186,"[4, 28, 6, 3, 27, 12, 30, 22, 2, 28, 24, 24, 14, 31, 13, 18, 5, 26, 9, 11, 8, 20, 30, 23, 30, 15, 19, 0, 31, 10, 20, 7]",geometric,3,0.99,0.001,2.8257911204293373,3,4096,
65,256,8.0,374,7.375605600002018,"[22, 22, 11, 4, 2, 13, 3, 19, 2, 28, 21, 16, 28, 31, 1, 18, 5, 12, 17, 11, 22, 4, 29, 23, 30, 9, 19, 5, 8, 10, 20, 7]",geometric,3,0.99,0.001,2.7856604070409485,3,4096,
66,512,6.0,649,9.595379800000956,"[17, 22, 0, 4, 14, 25, 3, 19, 2, 11, 21, 16, 28, 31, 1, 18, 26, 30, 6, 11, 24, 4, 15, 23, 30, 9, 12, 5, 7, 10, 20, 27]",geometric,3,0.99,0.001,2.724201885160925,3,4096,
67,1024,2.0,1179,14.103134100001625,"[17, 22, 0, 4, 14, 25, 3, 19, 2, 11, 18, 16, 31, 8, 1, 29, 29, 23, 6, 3, 9, 21, 15, 30, 28, 24, 12, 5, 7, 10, 20, 27]",geometric,3,0.99,0.001,2.6035373884949067,3,4096,
68,2048,2.0,2223,26.17799390000073,"[4, 22, 17, 28, 14, 29, 3, 19, 0, 11, 18, 16, 13, 8, 1, 26, 0, 23, 6, 25, 2, 21, 15, 30, 9, 24, 12, 5, 7, 10, 20, 27]",geometric,3,0.99,0.001,2.306000544574239,3,4096,
69,4096,2.0,4314,61.94237129999965,"[17, 4, 11, 28, 25, 7, 3, 19, 6, 10, 18, 16, 27, 8, 1, 31, 29, 13, 22, 29, 2, 21, 15, 30, 0, 24, 12, 5, 7, 14, 20, 23]",geometric,3,0.99,0.001,1.6097367455415574,3,4096,
70,0,29.0,0,0.005166400002053706,"[6, 19, 28, 14, 10, 7, 28, 20, 6, 25, 18, 22, 10, 10, 23, 20, 3, 7, 23, 2, 21, 20, 1, 23, 11, 29, 5, 1, 31, 27, 20, 0]",exponential,3,,0.001,2.9999225050008986,3,4096,0.005
71,1,29.0,2,0.8361638999995193,"[6, 19, 28, 14, 10, 7, 28, 20, 6, 25, 18, 26, 10, 10, 23, 20, 3, 7, 23, 2, 21, 20, 1, 23, 11, 29, 5, 1, 31, 27, 20, 0]",exponential,3,,0.001,2.987483723876905,3,4096,0.005
72,2,31.0,4,1.675939799999469,"[6, 19, 28, 14, 10, 7, 28, 20, 6, 25, 18, 24, 10, 10, 23, 20, 3, 7, 23, 2, 21, 20, 1, 23, 11, 29, 5, 1, 31, 27, 20, 0]",exponential,3,,0.001,2.974965938439786,3,4096,0.005
73,4,32.0,8,2.4560842999999295,"[6, 19, 28, 14, 10, 7, 28, 20, 6, 25, 18, 24, 10, 10, 23, 20, 3, 7, 23, 2, 21, 20, 1, 23, 11, 29, 31, 28, 31, 27, 20, 0]",exponential,3,,0.001,2.963384025466748,3,4096,0.005
74,8,29.0,14,3.324864100002742,"[6, 19, 4, 14, 10, 7, 28, 20, 6, 25, 18, 24, 10, 10, 23, 20, 3, 7, 11, 2, 21, 20, 1, 23, 11, 29, 31, 28, 31, 27, 20, 0]",exponential,3,,0.001,2.950539302848474,3,4096,0.005
75,16,26.0,27,4.1896880000022065,"[6, 19, 4, 14, 10, 7, 28, 20, 26, 25, 18, 24, 10, 10, 2, 20, 3, 26, 11, 2, 8, 20, 1, 23, 11, 29, 31, 13, 31, 27, 20, 0]",exponential,3,,0.001,2.937808363202636,3,4096,0.005
76,32,27.0,55,5.128223600000638,"[6, 9, 4, 14, 10, 7, 28, 13, 26, 3, 19, 7, 10, 31, 13, 12, 3, 26, 11, 2, 8, 20, 1, 23, 30, 24, 31, 12, 31, 27, 20, 0]",exponential,3,,0.001,2.924054471061763,3,4096,0.005
77,64,25.0,114,6.241989600002853,"[4, 10, 12, 12, 9, 7, 30, 13, 30, 28, 19, 7, 14, 31, 13, 12, 3, 26, 11, 29, 8, 20, 30, 23, 27, 22, 19, 11, 31, 24, 20, 0]",exponential,3,,0.001,2.907816164949755,3,4096,0.005
78,128,23.0,219,7.517088800002966,"[3, 0, 16, 23, 9, 15, 30, 13, 30, 28, 24, 28, 14, 20, 0, 29, 0, 1, 22, 8, 8, 13, 30, 0, 19, 5, 23, 0, 17, 10, 2, 14]",exponential,3,,0.001,2.889336366158596,3,4096,0.005
79,256,18.0,427,9.293048700001236,"[3, 0, 11, 1, 29, 25, 13, 9, 30, 25, 28, 17, 28, 1, 15, 6, 7, 2, 7, 16, 4, 15, 24, 0, 6, 1, 21, 7, 14, 16, 20, 12]",exponential,3,,0.001,2.863793215409053,3,4096,0.005
80,512,8.0,752,12.019990200002212,"[18, 11, 20, 8, 13, 0, 25, 22, 2, 29, 23, 17, 3, 1, 27, 30, 28, 2, 19, 5, 4, 4, 14, 31, 6, 25, 1, 16, 7, 10, 26, 9]",exponential,3,,0.001,2.825011223944183,3,4096,0.005
81,1024,4.0,1300,17.037104000002728,"[12, 6, 23, 20, 13, 15, 28, 26, 2, 29, 8, 17, 3, 1, 27, 30, 11, 4, 19, 5, 31, 11, 14, 31, 7, 4, 0, 16, 21, 10, 22, 9]",exponential,3,,0.001,2.7550256934239754,3,4096,0.005
82,2048,2.0,2366,27.460822000000917,"[12, 6, 9, 20, 13, 15, 28, 23, 5, 24, 18, 31, 3, 1, 27, 10, 30, 4, 29, 17, 2, 11, 26, 22, 7, 19, 0, 16, 14, 21, 8, 27]",exponential,3,,0.001,2.615115274751141,3,4096,0.005
83,4096,1.0,4445,60.085982200002036,"[3, 6, 25, 20, 13, 15, 28, 23, 10, 24, 31, 4, 9, 1, 14, 10, 30, 18, 29, 5, 2, 11, 26, 22, 7, 19, 0, 16, 12, 21, 8, 27]",exponential,3,,0.001,2.2214994096903764,3,4096,0.005
84,0,29.0,0,0.0051558999984990805,"[6, 19, 28, 14, 10, 7, 28, 20, 6, 25, 18, 22, 10, 10, 23, 20, 3, 7, 23, 2, 21, 20, 1, 23, 11, 29, 5, 1, 31, 27, 20, 0]",geometric,4,0.99,0.001,3.9997927312637787,4,4096,
85,1,29.0,2,0.6441654999980528,"[6, 19, 28, 14, 10, 7, 28, 20, 6, 25, 18, 26, 10, 10, 23, 20, 3, 7, 23, 2, 21, 20, 1, 23, 11, 29, 5, 1, 31, 27, 20, 0]",geometric,4,0.99,0.001,3.974187328323612,4,4096,
86,2,31.0,4,1.541040600000997,"[6, 19, 28, 14, 10, 7, 28, 20, 6, 25, 18, 24, 10, 10, 23, 20, 3, 7, 23, 2, 21, 20, 1, 23, 11, 29, 5, 1, 31, 27, 20, 0]",geometric,4,0.99,0.001,3.938525385150905,4,4096,
87,4,32.0,8,2.5060436999992817,"[6, 19, 28, 14, 10, 7, 28, 20, 6, 25, 18, 24, 10, 10, 23, 20, 3, 7, 23, 2, 21, 20, 1, 23, 11, 29, 31, 28, 31, 27, 20, 0]",geometric,4,0.99,0.001,3.9005118194109714,4,4096,
88,8,29.0,14,3.5254208000005747,"[6, 19, 4, 14, 10, 7, 28, 20, 6, 25, 18, 24, 10, 10, 23, 20, 3, 7, 11, 2, 21, 20, 1, 23, 11, 29, 31, 28, 31, 27, 20, 0]",geometric,4,0.99,0.001,3.8607547600528433,4,4096,
89,16,28.0,28,4.543872400001419,"[6, 19, 4, 14, 10, 7, 11, 20, 26, 25, 18, 24, 10, 10, 2, 20, 3, 26, 11, 2, 8, 20, 1, 23, 11, 29, 31, 13, 31, 27, 20, 0]",geometric,4,0.99,0.001,3.821438480931987,4,4096,
90,32,29.0,57,5.66699030000018,"[6, 9, 4, 18, 10, 7, 11, 13, 26, 3, 19, 7, 10, 31, 13, 12, 3, 26, 11, 2, 8, 20, 1, 23, 30, 24, 31, 12, 31, 27, 20, 0]",geometric,4,0.99,0.001,3.7785457195511953,4,4096,
91,64,28.0,116,6.953971399998409,"[4, 0, 12, 18, 15, 7, 5, 13, 30, 28, 29, 7, 10, 31, 13, 12, 8, 26, 11, 13, 8, 28, 6, 23, 26, 22, 2, 11, 3, 30, 6, 7]",geometric,4,0.99,0.001,3.7299864951063975,4,4096,
92,128,20.0,217,8.42351200000121,"[5, 28, 31, 0, 27, 12, 5, 13, 2, 28, 29, 7, 10, 20, 27, 30, 24, 7, 9, 23, 8, 22, 6, 23, 29, 5, 1, 17, 17, 10, 5, 16]",geometric,4,0.99,0.001,3.67530174381185,4,4096,
93,256,13.0,406,10.349438099998224,"[22, 25, 13, 0, 29, 12, 5, 9, 2, 25, 28, 7, 7, 1, 15, 30, 30, 27, 7, 24, 8, 21, 26, 0, 10, 7, 10, 30, 15, 20, 0, 4]",geometric,4,0.99,0.001,3.6048459312989642,4,4096,
94,512,9.0,705,13.176653599999554,"[23, 25, 13, 17, 6, 12, 5, 0, 4, 18, 28, 22, 29, 3, 3, 30, 9, 27, 19, 17, 8, 21, 26, 20, 15, 30, 27, 31, 7, 2, 10, 16]",geometric,4,0.99,0.001,3.5038577192562657,4,4096,
95,1024,4.0,1266,18.576938499998505,"[23, 29, 27, 11, 16, 12, 20, 0, 5, 18, 28, 24, 29, 3, 29, 4, 2, 17, 10, 30, 1, 26, 9, 14, 30, 21, 25, 31, 22, 13, 10, 8]",geometric,4,0.99,0.001,3.3187555889687164,4,4096,
96,2048,2.0,2330,32.061884399998235,"[23, 31, 27, 11, 6, 12, 20, 18, 0, 25, 28, 24, 15, 3, 29, 4, 2, 5, 15, 17, 1, 26, 9, 14, 30, 21, 19, 28, 22, 13, 10, 8]",geometric,4,0.99,0.001,2.898118272416884,4,4096,
97,4096,1.0,4411,71.72437839999839,"[20, 5, 27, 11, 3, 12, 25, 18, 0, 6, 28, 24, 15, 30, 9, 4, 2, 7, 23, 17, 1, 31, 22, 14, 26, 21, 19, 6, 29, 13, 10, 8]",geometric,4,0.99,0.001,1.9453468093340103,4,4096,
98,0,29.0,0,0.005252200000541052,"[6, 19, 28, 14, 10, 7, 28, 20, 6, 25, 18, 22, 10, 10, 23, 20, 3, 7, 23, 2, 21, 20, 1, 23, 11, 29, 5, 1, 31, 27, 20, 0]",exponential,4,,0.001,3.9998949573792575,4,4096,0.005
99,1,29.0,2,1.1001806000022043,"[6, 19, 28, 14, 10, 7, 28, 20, 6, 25, 18, 26, 10, 10, 23, 20, 3, 7, 23, 2, 21, 20, 1, 23, 11, 29, 5, 1, 31, 27, 20, 0]",exponential,4,,0.001,3.9780567970487226,4,4096,0.005
100,2,31.0,4,2.262887300003058,"[6, 19, 28, 14, 10, 7, 28, 20, 6, 25, 18, 24, 10, 10, 23, 20, 3, 7, 23, 2, 21, 20, 1, 23, 11, 29, 5, 1, 31, 27, 20, 0]",exponential,4,,0.001,3.954997324048926,4,4096,0.005
101,4,32.0,8,3.4165390000016487,"[6, 19, 28, 14, 10, 7, 28, 20, 6, 25, 18, 24, 10, 10, 23, 20, 3, 7, 23, 2, 21, 20, 1, 23, 11, 29, 31, 28, 31, 27, 20, 0]",exponential,4,,0.001,3.9322495477176154,4,4096,0.005
102,8,29.0,14,4.48076840000067,"[6, 19, 4, 14, 10, 7, 28, 20, 6, 25, 18, 24, 10, 10, 23, 20, 3, 7, 11, 2, 21, 20, 1, 23, 11, 29, 31, 28, 31, 27, 20, 0]",exponential,4,,0.001,3.911381041269058,4,4096,0.005
103,16,28.0,29,5.641737699999794,"[6, 19, 4, 14, 10, 7, 11, 20, 26, 25, 18, 24, 10, 10, 2, 20, 3, 26, 11, 28, 8, 20, 1, 23, 11, 29, 31, 13, 31, 27, 20, 0]",exponential,4,,0.001,3.888741846817117,4,4096,0.005
104,32,28.0,58,6.803939900000842,"[6, 9, 4, 18, 10, 7, 11, 13, 26, 3, 18, 7, 10, 17, 13, 12, 3, 14, 11, 28, 8, 20, 1, 23, 30, 24, 31, 12, 31, 27, 20, 0]",exponential,4,,0.001,3.8662098553987785,4,4096,0.005
105,64,26.0,119,8.131556600001204,"[2, 9, 6, 18, 9, 28, 27, 11, 26, 28, 25, 20, 30, 2, 13, 23, 8, 14, 11, 28, 8, 28, 28, 23, 20, 22, 30, 12, 31, 0, 6, 7]",exponential,4,,0.001,3.8406306240142034,4,4096,0.005
106,128,19.0,224,9.647624900000665,"[14, 0, 17, 18, 9, 7, 1, 3, 26, 11, 31, 27, 30, 2, 0, 23, 0, 1, 11, 27, 12, 28, 4, 20, 19, 22, 16, 25, 15, 10, 6, 0]",exponential,4,,0.001,3.8116273983671225,4,4096,0.005
107,256,21.0,432,11.656981900003302,"[9, 16, 8, 3, 23, 28, 1, 14, 26, 26, 4, 12, 18, 2, 15, 12, 20, 15, 17, 31, 4, 4, 29, 3, 6, 20, 16, 25, 31, 25, 26, 30]",exponential,4,,0.001,3.7735245235923798,4,4096,0.005
108,512,12.0,771,14.617756600000575,"[19, 12, 15, 4, 14, 5, 27, 19, 1, 25, 4, 19, 29, 31, 23, 10, 20, 23, 15, 5, 3, 17, 0, 6, 26, 7, 24, 18, 28, 3, 22, 30]",exponential,4,,0.001,3.718073203755768,4,4096,0.005
109,1024,3.0,1323,19.834955700000137,"[28, 30, 16, 14, 4, 4, 9, 31, 21, 25, 17, 19, 29, 6, 29, 10, 20, 23, 15, 5, 1, 26, 0, 3, 11, 7, 24, 18, 12, 8, 22, 27]",exponential,4,,0.001,3.622337670019785,4,4096,0.005
110,2048,1.0,2358,32.565815400001156,"[28, 30, 16, 14, 4, 15, 9, 26, 21, 25, 17, 31, 2, 6, 29, 10, 20, 23, 12, 5, 1, 23, 0, 3, 11, 7, 24, 18, 13, 8, 22, 27]",exponential,4,,0.001,3.398945662001015,4,4096,0.005
111,4096,1.0,4428,70.09500820000176,"[9, 3, 16, 14, 22, 8, 27, 4, 21, 25, 17, 31, 2, 6, 29, 10, 28, 23, 12, 5, 1, 26, 0, 15, 11, 7, 24, 18, 13, 29, 19, 30]",exponential,4,,0.001,2.817413653930559,4,4096,0.005
112,0,29.0,0,0.016667100000631763,"[6, 19, 28, 14, 10, 7, 28, 20, 6, 25, 18, 22, 10, 10, 23, 20, 3, 7, 23, 2, 21, 20, 1, 23, 11, 29, 5, 1, 31, 27, 20, 0]",geometric,5,0.99,0.001,4.999162520381493,5,4096,
113,1,29.0,2,1.231480400001601,"[6, 19, 28, 14, 10, 7, 28, 20, 6, 25, 18, 26, 10, 10, 23, 20, 3, 7, 23, 2, 21, 20, 1, 23, 11, 29, 5, 1, 31, 27, 20, 0]",geometric,5,0.99,0.001,4.9384974292696056,5,4096,
114,2,31.0,4,2.423932000001514,"[6, 19, 28, 14, 10, 7, 28, 20, 6, 25, 18, 24, 10, 10, 23, 20, 3, 7, 23, 2, 21, 20, 1, 23, 11, 29, 5, 1, 31, 27, 20, 0]",geometric,5,0.99,0.001,4.879665057483985,5,4096,
115,4,32.0,8,3.5611467999988236,"[6, 19, 28, 14, 10, 7, 28, 20, 6, 25, 18, 24, 10, 10, 23, 20, 3, 7, 23, 2, 21, 20, 1, 23, 11, 29, 31, 28, 31, 27, 20, 0]",geometric,5,0.99,0.001,4.824210966071316,5,4096,
116,8,32.0,16,4.756753000001481,"[6, 19, 4, 14, 10, 7, 28, 20, 6, 25, 18, 24, 10, 10, 23, 20, 3, 7, 11, 2, 21, 20, 20, 23, 11, 29, 31, 28, 31, 30, 20, 0]",geometric,5,0.99,0.001,4.766588964027604,5,4096,
117,16,28.0,32,5.946801800000685,"[6, 19, 4, 14, 10, 7, 11, 20, 26, 25, 18, 24, 10, 10, 28, 20, 3, 26, 11, 2, 1, 20, 20, 23, 11, 29, 31, 13, 31, 30, 20, 0]",geometric,5,0.99,0.001,4.709918277788929,5,4096,
118,32,31.0,62,7.245371600001818,"[6, 9, 4, 14, 10, 7, 8, 13, 26, 3, 18, 24, 10, 10, 13, 12, 3, 26, 11, 2, 1, 20, 20, 23, 30, 24, 31, 12, 31, 3, 17, 0]",geometric,5,0.99,0.001,4.648848220820204,5,4096,
119,64,28.0,123,8.636687700000039,"[2, 10, 12, 12, 9, 7, 30, 11, 14, 28, 19, 7, 19, 2, 13, 23, 3, 26, 11, 29, 1, 20, 30, 23, 20, 22, 19, 11, 31, 5, 13, 4]",geometric,5,0.99,0.001,4.58429485683138,5,4096,
120,128,25.0,233,10.227196100000583,"[16, 28, 6, 23, 28, 15, 30, 19, 4, 28, 31, 27, 19, 2, 27, 29, 3, 14, 19, 11, 1, 7, 21, 23, 19, 5, 16, 14, 31, 10, 5, 7]",geometric,5,0.99,0.001,4.5115968373959,5,4096,
121,256,11.0,432,12.235072700001183,"[0, 16, 8, 5, 23, 25, 30, 13, 4, 26, 21, 18, 28, 2, 27, 29, 24, 15, 19, 31, 1, 25, 16, 2, 12, 1, 21, 7, 5, 20, 22, 4]",geometric,5,0.99,0.001,4.421466032281394,5,4096,
122,512,3.0,722,14.957425699998566,"[26, 18, 31, 20, 14, 5, 30, 6, 23, 11, 7, 0, 17, 9, 27, 29, 24, 13, 19, 31, 1, 25, 16, 2, 10, 28, 21, 12, 15, 3, 22, 4]",geometric,5,0.99,0.001,4.302132201629918,5,4096,
123,1024,2.0,1241,19.87224359999891,"[26, 8, 25, 20, 14, 5, 30, 6, 23, 11, 7, 0, 17, 9, 27, 13, 24, 7, 19, 31, 1, 12, 16, 2, 10, 28, 21, 12, 15, 3, 22, 4]",geometric,5,0.99,0.001,4.09478900149678,5,4096,
124,2048,2.0,2275,32.00200259999838,"[26, 8, 25, 20, 14, 5, 28, 6, 23, 11, 7, 0, 17, 9, 27, 13, 24, 7, 19, 31, 1, 30, 16, 2, 10, 29, 21, 12, 15, 3, 22, 4]",geometric,5,0.99,0.001,3.6248287228430423,5,4096,
125,4096,2.0,4371,66.98517169999832,"[23, 7, 24, 20, 14, 5, 27, 25, 4, 11, 26, 30, 17, 12, 2, 13, 6, 0, 19, 31, 28, 10, 16, 1, 3, 29, 21, 18, 15, 22, 14, 8]",geometric,5,0.99,0.001,2.5503087739023886,5,4096,
126,0,29.0,0,0.015560899999400135,"[6, 19, 28, 14, 10, 7, 28, 20, 6, 25, 18, 22, 10, 10, 23, 20, 3, 7, 23, 2, 21, 20, 1, 23, 11, 29, 5, 1, 31, 27, 20, 0]",exponential,5,,0.001,4.999610992633473,5,4096,0.005
127,1,29.0,2,1.1597762999990664,"[6, 19, 28, 14, 10, 7, 28, 20, 6, 25, 18, 26, 10, 10, 23, 20, 3, 7, 23, 2, 21, 20, 1, 23, 11, 29, 5, 1, 31, 27, 20, 0]",exponential,5,,0.001,4.971089497802671,5,4096,0.005
128,2,31.0,4,2.367772800000239,"[6, 19, 28, 14, 10, 7, 28, 20, 6, 25, 18, 24, 10, 10, 23, 20, 3, 7, 23, 2, 21, 20, 1, 23, 11, 29, 5, 1, 31, 27, 20, 0]",exponential,5,,0.001,4.9411546980684475,5,4096,0.005
129,4,32.0,8,3.5263570999995864,"[6, 19, 28, 14, 10, 7, 28, 20, 6, 25, 18, 24, 10, 10, 23, 20, 3, 7, 23, 2, 21, 20, 1, 23, 11, 29, 31, 28, 31, 27, 20, 0]",exponential,5,,0.001,4.912613724407816,5,4096,0.005
130,8,32.0,16,4.736908799997764,"[6, 19, 4, 14, 10, 7, 28, 20, 6, 25, 18, 24, 10, 10, 23, 20, 3, 7, 11, 2, 21, 20, 20, 23, 11, 29, 31, 28, 31, 30, 20, 0]",exponential,5,,0.001,4.882968667620979,5,4096,0.005
131,16,28.0,32,5.931477999998606,"[6, 19, 4, 14, 10, 7, 11, 20, 26, 25, 18, 24, 10, 10, 28, 20, 3, 26, 11, 2, 1, 20, 20, 23, 11, 29, 31, 13, 31, 30, 20, 0]",exponential,5,,0.001,4.853890374277499,5,4096,0.005
132,32,31.0,62,7.218299500000285,"[6, 9, 4, 14, 10, 7, 8, 13, 26, 3, 18, 24, 10, 10, 13, 12, 3, 26, 11, 2, 1, 20, 20, 23, 30, 24, 31, 12, 31, 3, 17, 0]",exponential,5,,0.001,4.822760176728148,5,4096,0.005
133,64,30.0,124,8.585991500000091,"[2, 10, 12, 12, 9, 7, 30, 11, 14, 28, 19, 7, 19, 2, 13, 23, 3, 26, 11, 29, 1, 20, 30, 23, 20, 22, 19, 11, 31, 30, 13, 4]",exponential,5,,0.001,4.789892434626787,5,4096,0.005
134,128,24.0,243,10.187636799997563,"[16, 21, 20, 12, 0, 15, 2, 11, 30, 28, 31, 24, 18, 30, 13, 29, 27, 1, 22, 23, 12, 2, 30, 20, 20, 22, 27, 14, 17, 0, 5, 8]",exponential,5,,0.001,4.751687073871922,5,4096,0.005
135,256,18.0,458,12.249271900000167,"[0, 25, 12, 21, 5, 28, 4, 9, 30, 8, 10, 17, 20, 20, 17, 12, 7, 27, 16, 31, 4, 25, 14, 2, 6, 20, 18, 7, 13, 1, 19, 20]",exponential,5,,0.001,4.702957437907094,5,4096,0.005
136,512,12.0,832,15.194964399997843,"[31, 20, 6, 0, 21, 23, 4, 2, 22, 25, 23, 23, 1, 3, 29, 3, 13, 28, 18, 22, 7, 5, 28, 16, 16, 10, 17, 9, 30, 8, 29, 17]",exponential,5,,0.001,4.634197711158063,5,4096,0.005
137,1024,7.0,1405,20.008843399999023,"[24, 15, 8, 18, 25, 3, 28, 2, 20, 5, 19, 30, 1, 12, 22, 3, 26, 28, 25, 0, 7, 11, 4, 21, 9, 16, 27, 29, 31, 23, 8, 17]",exponential,5,,0.001,4.523987048621905,5,4096,0.005
138,2048,2.0,2502,27.916864499999065,"[9, 14, 21, 26, 18, 2, 28, 24, 20, 5, 17, 15, 7, 23, 6, 3, 0, 4, 12, 25, 19, 11, 30, 23, 13, 30, 27, 29, 31, 22, 8, 16]",exponential,5,,0.001,4.348598415871771,5,4096,0.005
139,4096,1.0,4421,47.38814210000055,"[9, 21, 10, 26, 2, 31, 28, 24, 20, 5, 17, 15, 7, 29, 6, 3, 0, 4, 12, 25, 19, 11, 1, 23, 13, 30, 27, 18, 31, 22, 8, 16]",exponential,5,,0.001,3.9451903415167733,5,4096,0.005
140,0,29.0,0,0.004621599997335579,"[6, 19, 28, 14, 10, 7, 28, 20, 6, 25, 18, 22, 10, 10, 23, 20, 3, 7, 23, 2, 21, 20, 1, 23, 11, 29, 5, 1, 31, 27, 20, 0]",geometric,6,0.99,0.001,5.9997213146794035,6,4096,
141,1,29.0,2,0.7871042999977362,"[6, 19, 28, 14, 10, 7, 28, 20, 6, 25, 18, 26, 10, 10, 23, 20, 3, 7, 23, 2, 21, 20, 1, 23, 11, 29, 5, 1, 31, 27, 20, 0]",geometric,6,0.99,0.001,5.952723266285884,6,4096,
142,2,31.0,4,1.5925864999990154,"[6, 19, 28, 14, 10, 7, 28, 20, 6, 25, 18, 24, 10, 10, 23, 20, 3, 7, 23, 2, 21, 20, 1, 23, 11, 29, 5, 1, 31, 27, 20, 0]",geometric,6,0.99,0.001,5.904728319432021,6,4096,
143,4,32.0,8,2.407293000000209,"[6, 19, 28, 14, 10, 7, 28, 20, 6, 25, 18, 24, 10, 10, 23, 20, 3, 7, 23, 2, 21, 20, 1, 23, 11, 29, 31, 28, 31, 27, 20, 0]",geometric,6,0.99,0.001,5.856577368111621,6,4096,
144,8,32.0,16,3.2285335999986273,"[6, 19, 4, 14, 10, 7, 28, 20, 6, 25, 18, 24, 10, 10, 23, 20, 3, 7, 11, 2, 21, 20, 20, 23, 11, 29, 31, 28, 31, 30, 20, 0]",geometric,6,0.99,0.001,5.808437618568911,6,4096,
145,16,28.0,32,4.059900599997491,"[6, 19, 4, 14, 10, 7, 11, 20, 26, 25, 18, 24, 10, 10, 28, 20, 3, 26, 11, 2, 1, 20, 20, 23, 11, 29, 31, 13, 31, 30, 20, 0]",geometric,6,0.99,0.001,5.7601073095602455,6,4096,
146,32,34.0,63,4.9679084999988845,"[6, 9, 4, 18, 10, 7, 8, 13, 26, 3, 18, 24, 10, 10, 13, 12, 3, 26, 11, 2, 1, 20, 20, 23, 30, 24, 31, 12, 31, 3, 17, 0]",geometric,6,0.99,0.001,5.707780935153763,6,4096,
147,64,30.0,125,5.910617300000013,"[2, 10, 12, 12, 9, 7, 30, 11, 14, 28, 19, 7, 19, 2, 13, 23, 3, 26, 11, 29, 1, 20, 30, 23, 20, 22, 19, 11, 31, 30, 13, 4]",geometric,6,0.99,0.001,5.653957713836383,6,4096,
148,128,23.0,242,6.987585099999706,"[16, 21, 20, 12, 0, 15, 5, 11, 30, 28, 31, 24, 18, 30, 13, 29, 27, 1, 22, 23, 12, 2, 30, 20, 20, 22, 27, 14, 17, 0, 5, 8]",geometric,6,0.99,0.001,5.593089915629087,6,4096,
149,256,13.0,435,8.2871161999974,"[8, 16, 11, 6, 11, 19, 0, 19, 30, 30, 29, 31, 0, 31, 13, 20, 7, 1, 4, 15, 12, 25, 25, 2, 24, 12, 27, 17, 21, 26, 5, 31]",geometric,6,0.99,0.001,5.520515083484204,6,4096,
150,512,6.0,728,10.033609799997066,"[18, 6, 14, 25, 11, 19, 0, 10, 21, 30, 1, 24, 1, 1, 13, 23, 20, 28, 4, 15, 22, 4, 9, 2, 24, 7, 27, 17, 12, 26, 3, 29]",geometric,6,0.99,0.001,5.424459813471466,6,4096,
151,1024,2.0,1273,13.092552199999773,"[18, 25, 22, 17, 13, 6, 0, 9, 21, 19, 2, 30, 1, 1, 5, 23, 11, 28, 4, 15, 27, 14, 28, 8, 24, 7, 31, 10, 12, 26, 3, 29]",geometric,6,0.99,0.001,5.260230896391462,6,4096,
152,2048,1.0,2275,23.29159349999827,"[18, 25, 22, 17, 13, 6, 0, 9, 21, 19, 2, 30, 27, 1, 5, 23, 11, 20, 4, 15, 27, 14, 28, 8, 24, 7, 31, 16, 12, 26, 3, 29]",geometric,6,0.99,0.001,4.747751473595591,6,4096,
153,4096,1.0,2275,23.29159349999827,"[18, 25, 22, 17, 13, 6, 0, 9, 21, 19, 2, 30, 27, 1, 5, 23, 11, 20, 4, 15, 27, 14, 28, 8, 24, 7, 31, 16, 12, 26, 3, 29]",geometric,6,0.99,0.001,4.747751473595591,6,4096,
154,0,29.0,0,0.004727399998955661,"[6, 19, 28, 14, 10, 7, 28, 20, 6, 25, 18, 22, 10, 10, 23, 20, 3, 7, 23, 2, 21, 20, 1, 23, 11, 29, 5, 1, 31, 27, 20, 0]",exponential,6,,0.001,5.999858179676141,6,4096,0.005
155,1,29.0,2,1.438059299998713,"[6, 19, 28, 14, 10, 7, 28, 20, 6, 25, 18, 26, 10, 10, 23, 20, 3, 7, 23, 2, 21, 20, 1, 23, 11, 29, 5, 1, 31, 27, 20, 0]",exponential,6,,0.001,5.9570129510176395,6,4096,0.005
156,2,31.0,4,2.791463499997917,"[6, 19, 28, 14, 10, 7, 28, 20, 6, 25, 18, 24, 10, 10, 23, 20, 3, 7, 23, 2, 21, 20, 1, 23, 11, 29, 5, 1, 31, 27, 20, 0]",exponential,6,,0.001,5.9168378056173125,6,4096,0.005
157,4,32.0,8,4.208454399999027,"[6, 19, 28, 14, 10, 7, 28, 20, 6, 25, 18, 24, 10, 10, 23, 20, 3, 7, 23, 2, 21, 20, 1, 23, 11, 29, 31, 28, 31, 27, 20, 0]",exponential,6,,0.001,5.875065431401654,6,4096,0.005
158,8,32.0,16,5.5802395999999135,"[6, 19, 4, 14, 10, 7, 28, 20, 6, 25, 18, 24, 10, 10, 23, 20, 3, 7, 11, 2, 21, 20, 20, 23, 11, 29, 31, 28, 31, 30, 20, 0]",exponential,6,,0.001,5.834906672777807,6,4096,0.005
159,16,28.0,32,7.042076399997313,"[6, 19, 4, 14, 10, 7, 11, 20, 26, 25, 18, 24, 10, 10, 28, 20, 3, 26, 11, 2, 1, 20, 20, 23, 11, 29, 31, 13, 31, 30, 20, 0]",exponential,6,,0.001,5.792413749759172,6,4096,0.005
160,32,34.0,63,8.529478000000381,"[6, 9, 4, 18, 10, 7, 8, 13, 26, 3, 18, 24, 10, 10, 13, 12, 3, 26, 11, 2, 1, 20, 20, 23, 30, 24, 31, 12, 31, 3, 17, 0]",exponential,6,,0.001,5.749495312558007,6,4096,0.005
161,64,30.0,125,10.210511699999188,"[2, 10, 12, 12, 9, 7, 30, 11, 14, 28, 19, 7, 19, 2, 13, 23, 3, 26, 11, 29, 1, 20, 30, 23, 20, 22, 19, 11, 31, 30, 13, 4]",exponential,6,,0.001,5.701372359740554,6,4096,0.005
162,128,24.0,244,12.10947589999705,"[16, 21, 20, 12, 0, 15, 2, 11, 30, 28, 31, 24, 18, 30, 13, 29, 27, 1, 22, 23, 12, 2, 30, 20, 20, 22, 27, 14, 17, 0, 5, 8]",exponential,6,,0.001,5.647495032280739,6,4096,0.005
163,256,18.0,461,14.079175200000464,"[0, 25, 12, 21, 5, 12, 4, 9, 30, 8, 10, 17, 20, 20, 17, 24, 7, 27, 16, 31, 4, 6, 14, 2, 13, 20, 9, 7, 25, 1, 19, 0]",exponential,6,,0.001,5.592148683730886,6,4096,0.005
164,512,11.0,828,16.043256199998723,"[14, 13, 19, 24, 5, 20, 0, 29, 10, 8, 30, 17, 10, 2, 23, 3, 13, 27, 31, 5, 11, 24, 4, 18, 6, 21, 7, 28, 28, 22, 29, 16]",exponential,6,,0.001,5.537500292694578,6,4096,0.005
165,1024,4.0,1404,19.348269399997662,"[19, 8, 27, 17, 1, 20, 0, 5, 15, 29, 26, 6, 2, 31, 23, 3, 18, 4, 10, 30, 11, 24, 2, 9, 28, 25, 7, 0, 14, 22, 13, 16]",exponential,6,,0.001,5.446744671467564,6,4096,0.005
166,2048,2.0,2463,27.0158780999991,"[19, 23, 8, 30, 1, 20, 0, 5, 7, 21, 17, 6, 2, 31, 15, 3, 18, 4, 10, 30, 11, 24, 26, 12, 29, 25, 28, 9, 14, 22, 13, 16]",exponential,6,,0.001,5.241879298189977,6,4096,0.005
167,4096,1.0,4540,59.75606069999776,"[19, 23, 8, 17, 1, 20, 0, 6, 18, 21, 30, 28, 22, 31, 15, 3, 25, 4, 10, 27, 11, 24, 26, 12, 29, 2, 7, 5, 14, 9, 13, 16]",exponential,6,,0.001,4.450334072036294,6,4096,0.005
168,0,29.0,0,0.021464999997988343,"[6, 19, 28, 14, 10, 7, 28, 20, 6, 25, 18, 22, 10, 10, 23, 20, 3, 7, 23, 2, 21, 20, 1, 23, 11, 29, 5, 1, 31, 27, 20, 0]",geometric,7,0.99,0.001,6.998490049663469,7,4096,
169,1,29.0,2,1.6029831999985618,"[6, 19, 28, 14, 10, 7, 28, 20, 6, 25, 18, 26, 10, 10, 23, 20, 3, 7, 23, 2, 21, 20, 1, 23, 11, 29, 5, 1, 31, 27, 20, 0]",geometric,7,0.99,0.001,6.888129925452926,7,4096,
170,2,31.0,4,3.1929360999965866,"[6, 19, 28, 14, 10, 7, 28, 20, 6, 25, 18, 24, 10, 10, 23, 20, 3, 7, 23, 2, 21, 20, 1, 23, 11, 29, 5, 1, 31, 27, 20, 0]",geometric,7,0.99,0.001,6.77893539943921,7,4096,
171,4,32.0,8,4.853614999999991,"[6, 19, 28, 14, 10, 7, 28, 20, 6, 25, 18, 24, 10, 10, 23, 20, 3, 7, 23, 2, 21, 20, 1, 23, 11, 29, 31, 28, 31, 27, 20, 0]",geometric,7,0.99,0.001,6.6667313557527805,7,4096,
172,8,32.0,16,6.459965299996838,"[6, 19, 4, 14, 10, 7, 28, 20, 6, 25, 18, 24, 10, 10, 23, 20, 3, 7, 11, 2, 21, 20, 20, 23, 11, 29, 31, 28, 31, 30, 20, 0]",geometric,7,0.99,0.001,6.559965397615687,7,4096,
173,16,28.0,32,8.1348195999999,"[6, 19, 4, 14, 10, 7, 11, 20, 26, 25, 18, 24, 10, 10, 28, 20, 3, 26, 11, 2, 1, 20, 20, 23, 11, 29, 31, 13, 31, 30, 20, 0]",geometric,7,0.99,0.001,6.450466668963265,7,4096,
174,32,34.0,63,9.923551199997746,"[6, 9, 4, 18, 10, 7, 8, 13, 26, 3, 18, 24, 10, 10, 13, 12, 3, 26, 11, 2, 1, 20, 20, 23, 30, 24, 31, 12, 31, 3, 17, 0]",geometric,7,0.99,0.001,6.335540480040563,7,4096,
175,64,30.0,125,11.79398549999678,"[2, 10, 12, 12, 9, 7, 30, 11, 14, 28, 19, 7, 19, 2, 13, 23, 3, 26, 11, 29, 1, 20, 30, 23, 20, 22, 19, 11, 31, 30, 13, 4]",geometric,7,0.99,0.001,6.217554322743697,7,4096,
176,128,23.0,243,13.91977809999662,"[16, 21, 20, 12, 0, 15, 5, 11, 30, 28, 31, 24, 18, 30, 13, 29, 27, 1, 22, 23, 12, 2, 30, 20, 20, 22, 27, 14, 17, 0, 5, 8]",geometric,7,0.99,0.001,6.086125693443634,7,4096,
177,256,18.0,434,16.394430399999692,"[8, 4, 11, 2, 21, 12, 3, 19, 30, 25, 29, 31, 0, 31, 13, 25, 31, 28, 4, 31, 16, 25, 14, 17, 24, 15, 27, 27, 6, 3, 5, 0]",geometric,7,0.99,0.001,5.936623974914429,7,4096,
178,512,9.0,743,19.71255619999647,"[19, 22, 11, 4, 21, 12, 20, 1, 30, 19, 1, 31, 0, 2, 26, 3, 14, 28, 2, 25, 1, 1, 15, 23, 26, 7, 13, 10, 6, 25, 5, 17]",geometric,7,0.99,0.001,5.741912475449808,7,4096,
179,1024,5.0,1311,25.48823529999936,"[27, 0, 15, 4, 11, 28, 17, 12, 16, 5, 19, 31, 2, 25, 29, 3, 14, 9, 22, 25, 1, 24, 0, 8, 26, 7, 13, 10, 6, 20, 23, 28]",geometric,7,0.99,0.001,5.418097960028693,7,4096,
180,2048,2.0,2389,35.07228959999702,"[22, 2, 15, 29, 8, 28, 21, 23, 16, 5, 0, 31, 7, 18, 14, 3, 22, 9, 30, 17, 1, 24, 19, 12, 26, 4, 13, 10, 27, 20, 6, 25]",geometric,7,0.99,0.001,4.920557609881779,7,4096,
181,4096,1.0,4376,63.13003669999671,"[11, 25, 2, 0, 8, 28, 21, 23, 16, 5, 12, 31, 7, 18, 6, 3, 22, 26, 30, 17, 27, 24, 15, 12, 10, 4, 13, 1, 29, 20, 14, 9]",geometric,7,0.99,0.001,3.711485043431183,7,4096,
182,0,29.0,0,0.004608300001564203,"[6, 19, 28, 14, 10, 7, 28, 20, 6, 25, 18, 22, 10, 10, 23, 20, 3, 7, 23, 2, 21, 20, 1, 23, 11, 29, 5, 1, 31, 27, 20, 0]",exponential,7,,0.001,6.999838711358118,7,4096,0.005
183,1,29.0,2,1.0725265000000945,"[6, 19, 28, 14, 10, 7, 28, 20, 6, 25, 18, 26, 10, 10, 23, 20, 3, 7, 23, 2, 21, 20, 1, 23, 11, 29, 5, 1, 31, 27, 20, 0]",exponential,7,,0.001,6.9625620452160035,7,4096,0.005
184,2,31.0,4,2.1196402000023227,"[6, 19, 28, 14, 10, 7, 28, 20, 6, 25, 18, 24, 10, 10, 23, 20, 3, 7, 23, 2, 21, 20, 1, 23, 11, 29, 5, 1, 31, 27, 20, 0]",exponential,7,,0.001,6.926204334386075,7,4096,0.005
185,4,32.0,8,3.206245900000795,"[6, 19, 28, 14, 10, 7, 28, 20, 6, 25, 18, 24, 10, 10, 23, 20, 3, 7, 23, 2, 21, 20, 1, 23, 11, 29, 31, 28, 31, 27, 20, 0]",exponential,7,,0.001,6.888676107117246,7,4096,0.005
186,8,32.0,16,4.289560500001244,"[6, 19, 4, 14, 10, 7, 28, 20, 6, 25, 18, 24, 10, 10, 23, 20, 3, 7, 11, 2, 21, 20, 20, 23, 11, 29, 31, 28, 31, 30, 20, 0]",exponential,7,,0.001,6.851463962240644,7,4096,0.005
187,16,28.0,32,5.407414500001323,"[6, 19, 4, 14, 10, 7, 11, 20, 26, 25, 18, 24, 10, 10, 28, 20, 3, 26, 11, 2, 1, 20, 20, 23, 11, 29, 31, 13, 31, 30, 20, 0]",exponential,7,,0.001,6.813276100810025,7,4096,0.005
188,32,34.0,63,6.570798500000819,"[6, 9, 4, 18, 10, 7, 8, 13, 26, 3, 18, 24, 10, 10, 13, 12, 3, 26, 11, 2, 1, 20, 20, 23, 30, 24, 31, 12, 31, 3, 17, 0]",exponential,7,,0.001,6.773758864521983,7,4096,0.005
189,64,30.0,125,7.7923678000006475,"[2, 10, 12, 12, 9, 7, 30, 11, 14, 28, 19, 7, 19, 2, 13, 23, 3, 26, 11, 29, 1, 20, 30, 23, 20, 22, 19, 11, 31, 30, 13, 4]",exponential,7,,0.001,6.732511878508253,7,4096,0.005
190,128,24.0,244,9.167881100001978,"[16, 21, 20, 12, 0, 15, 2, 11, 30, 28, 31, 24, 18, 30, 13, 29, 27, 1, 22, 23, 12, 2, 30, 20, 20, 22, 27, 14, 17, 0, 5, 8]",exponential,7,,0.001,6.686367442953177,7,4096,0.005
191,256,20.0,461,10.835990100000345,"[22, 25, 11, 3, 29, 12, 28, 9, 18, 8, 11, 31, 18, 20, 17, 29, 3, 15, 7, 30, 4, 6, 14, 2, 7, 20, 20, 27, 31, 1, 5, 20]",exponential,7,,0.001,6.6308314167168865,7,4096,0.005
192,512,16.0,863,13.137162700000772,"[28, 13, 23, 29, 14, 6, 28, 22, 22, 20, 30, 2, 30, 18, 4, 28, 10, 24, 3, 25, 26, 23, 15, 0, 0, 22, 9, 30, 12, 24, 3, 29]",exponential,7,,0.001,6.554975211263253,7,4096,0.005
193,1024,6.0,1476,16.82805080000253,"[5, 0, 16, 19, 28, 1, 31, 27, 21, 11, 18, 14, 3, 6, 29, 12, 25, 4, 29, 23, 26, 5, 14, 1, 7, 15, 2, 28, 22, 24, 30, 17]",exponential,7,,0.001,6.435116178585142,7,4096,0.005
194,2048,2.0,2563,25.323879500003386,"[17, 31, 16, 9, 5, 26, 22, 6, 21, 11, 20, 0, 3, 1, 29, 12, 25, 4, 8, 19, 2, 15, 30, 27, 13, 10, 18, 7, 14, 24, 28, 14]",exponential,7,,0.001,6.167482620835448,7,4096,0.005
195,4096,2.0,4660,72.16367080000055,"[17, 13, 23, 29, 5, 1, 22, 6, 11, 9, 30, 19, 3, 24, 28, 12, 25, 4, 8, 29, 2, 26, 16, 27, 0, 11, 18, 7, 21, 31, 15, 20]",exponential,7,,0.001,4.879739293892593,7,4096,0.005
196,0,29.0,0,0.005241500002739485,"[6, 19, 28, 14, 10, 7, 28, 20, 6, 25, 18, 22, 10, 10, 23, 20, 3, 7, 23, 2, 21, 20, 1, 23, 11, 29, 5, 1, 31, 27, 20, 0]",geometric,8,0.99,0.001,7.999578580416815,8,4096,
197,1,29.0,2,1.352756500000396,"[6, 19, 28, 14, 10, 7, 28, 20, 6, 25, 18, 26, 10, 10, 23, 20, 3, 7, 23, 2, 21, 20, 1, 23, 11, 29, 5, 1, 31, 27, 20, 0]",geometric,8,0.99,0.001,7.8919707709781965,8,4096,
198,2,31.0,4,2.6036321999999927,"[6, 19, 28, 14, 10, 7, 28, 20, 6, 25, 18, 24, 10, 10, 23, 20, 3, 7, 23, 2, 21, 20, 1, 23, 11, 29, 5, 1, 31, 27, 20, 0]",geometric,8,0.99,0.001,7.7933761675986,8,4096,
199,4,32.0,8,3.865366100002575,"[6, 19, 28, 14, 10, 7, 28, 20, 6, 25, 18, 24, 10, 10, 23, 20, 3, 7, 23, 2, 21, 20, 1, 23, 11, 29, 31, 28, 31, 27, 20, 0]",geometric,8,0.99,0.001,7.695173500253161,8,4096,
200,8,32.0,16,5.159316700002819,"[6, 19, 4, 14, 10, 7, 28, 20, 6, 25, 18, 24, 10, 10, 23, 20, 3, 7, 11, 2, 21, 20, 20, 23, 11, 29, 31, 28, 31, 30, 20, 0]",geometric,8,0.99,0.001,7.595748448346284,8,4096,
201,16,28.0,32,6.424313300001813,"[6, 19, 4, 14, 10, 7, 11, 20, 26, 25, 18, 24, 10, 10, 28, 20, 3, 26, 11, 2, 1, 20, 20, 23, 11, 29, 31, 13, 31, 30, 20, 0]",geometric,8,0.99,0.001,7.499790114270132,8,4096,
202,32,34.0,63,8.07412739999927,"[6, 9, 4, 18, 10, 7, 8, 13, 26, 3, 18, 24, 10, 10, 13, 12, 3, 26, 11, 2, 1, 20, 20, 23, 30, 24, 31, 12, 31, 3, 17, 0]",geometric,8,0.99,0.001,7.376460006277436,8,4096,
203,64,30.0,125,10.371069500000885,"[2, 10, 12, 12, 9, 7, 30, 11, 14, 28, 19, 7, 19, 2, 13, 23, 3, 26, 11, 29, 1, 20, 30, 23, 20, 22, 19, 11, 31, 30, 13, 4]",geometric,8,0.99,0.001,7.20812462551453,8,4096,
204,128,24.0,244,13.003291500001069,"[16, 21, 20, 12, 0, 15, 2, 11, 30, 28, 31, 24, 18, 30, 13, 29, 27, 1, 22, 23, 12, 2, 30, 20, 20, 22, 27, 14, 17, 0, 5, 8]",geometric,8,0.99,0.001,7.019935955892338,8,4096,
205,256,17.0,441,16.06697820000045,"[2, 25, 18, 12, 8, 19, 24, 9, 30, 30, 4, 31, 0, 12, 17, 29, 29, 1, 29, 28, 3, 19, 14, 2, 22, 15, 27, 27, 13, 26, 5, 5]",geometric,8,0.99,0.001,6.807078418134055,8,4096,
206,512,8.0,747,19.882795699999406,"[21, 25, 0, 12, 9, 24, 24, 17, 30, 2, 4, 31, 20, 24, 5, 29, 6, 1, 28, 26, 7, 19, 14, 2, 10, 3, 13, 27, 23, 31, 3, 16]",geometric,8,0.99,0.001,6.550967621359946,8,4096,
207,1024,4.0,1298,27.30976290000035,"[21, 16, 18, 5, 15, 6, 31, 17, 25, 29, 13, 24, 20, 3, 5, 29, 9, 1, 22, 23, 7, 10, 14, 11, 19, 30, 4, 27, 0, 28, 26, 8]",geometric,8,0.99,0.001,6.079784507200694,8,4096,
208,2048,3.0,2356,41.081454800001666,"[21, 16, 18, 5, 2, 6, 31, 17, 4, 26, 13, 15, 20, 25, 8, 29, 9, 1, 24, 10, 7, 7, 14, 11, 19, 30, 23, 27, 17, 12, 0, 30]",geometric,8,0.99,0.001,5.2939206953329885,8,4096,
209,4096,1.0,4427,81.06957710000279,"[21, 25, 18, 5, 2, 6, 31, 17, 4, 29, 13, 22, 20, 26, 8, 29, 9, 1, 24, 10, 7, 30, 14, 11, 19, 15, 23, 27, 3, 12, 0, 16]",geometric,8,0.99,0.001,3.541906226659697,8,4096,
210,0,29.0,0,0.026550200000201585,"[6, 19, 28, 14, 10, 7, 28, 20, 6, 25, 18, 22, 10, 10, 23, 20, 3, 7, 23, 2, 21, 20, 1, 23, 11, 29, 5, 1, 31, 27, 20, 0]",exponential,8,,0.001,7.998938062488185,8,4096,0.005
211,1,29.0,2,2.123950100001821,"[6, 19, 28, 14, 10, 7, 28, 20, 6, 25, 18, 26, 10, 10, 23, 20, 3, 7, 23, 2, 21, 20, 1, 23, 11, 29, 5, 1, 31, 27, 20, 0]",exponential,8,,0.001,7.915491519718828,8,4096,0.005
212,2,31.0,4,4.072342600000411,"[6, 19, 28, 14, 10, 7, 28, 20, 6, 25, 18, 24, 10, 10, 23, 20, 3, 7, 23, 2, 21, 20, 1, 23, 11, 29, 5, 1, 31, 27, 20, 0]",exponential,8,,0.001,7.838753494552687,8,4096,0.005
213,4,32.0,8,6.177812500001892,"[6, 19, 28, 14, 10, 7, 28, 20, 6, 25, 18, 24, 10, 10, 23, 20, 3, 7, 23, 2, 21, 20, 1, 23, 11, 29, 31, 28, 31, 27, 20, 0]",exponential,8,,0.001,7.756665041906848,8,4096,0.005
214,8,32.0,16,8.173362000001362,"[6, 19, 4, 14, 10, 7, 28, 20, 6, 25, 18, 24, 10, 10, 23, 20, 3, 7, 11, 2, 21, 20, 20, 23, 11, 29, 31, 28, 31, 30, 20, 0]",exponential,8,,0.001,7.679655824827752,8,4096,0.005
215,16,28.0,32,10.224635300000955,"[6, 19, 4, 14, 10, 7, 11, 20, 26, 25, 18, 24, 10, 10, 28, 20, 3, 26, 11, 2, 1, 20, 20, 23, 11, 29, 31, 13, 31, 30, 20, 0]",exponential,8,,0.001,7.601293005923948,8,4096,0.005
216,32,34.0,63,12.35610319999978,"[6, 9, 4, 18, 10, 7, 8, 13, 26, 3, 18, 24, 10, 10, 13, 12, 3, 26, 11, 2, 1, 20, 20, 23, 30, 24, 31, 12, 31, 3, 17, 0]",exponential,8,,0.001,7.52071358949493,8,4096,0.005
217,64,30.0,125,14.226742200000444,"[2, 10, 12, 12, 9, 7, 30, 11, 14, 28, 19, 7, 19, 2, 13, 23, 3, 26, 11, 29, 1, 20, 30, 23, 20, 22, 19, 11, 31, 30, 13, 4]",exponential,8,,0.001,7.450698830022341,8,4096,0.005
218,128,28.0,246,15.760132800001884,"[16, 21, 20, 12, 0, 5, 2, 11, 30, 28, 31, 27, 19, 2, 13, 29, 27, 1, 19, 23, 12, 7, 21, 20, 20, 22, 27, 25, 17, 0, 5, 8]",exponential,8,,0.001,7.393793097815735,8,4096,0.005
219,256,22.0,477,17.614785599998868,"[16, 23, 28, 0, 5, 28, 30, 19, 18, 8, 10, 16, 3, 21, 1, 12, 3, 12, 26, 30, 4, 25, 29, 2, 13, 19, 27, 27, 24, 20, 18, 19]",exponential,8,,0.001,7.32554543084521,8,4096,0.005
220,512,18.0,867,20.07306040000185,"[31, 0, 6, 29, 24, 30, 1, 19, 16, 0, 22, 24, 1, 27, 8, 10, 2, 13, 15, 25, 7, 24, 22, 18, 22, 30, 14, 29, 20, 7, 3, 11]",exponential,8,,0.001,7.236055515867048,8,4096,0.005
221,1024,6.0,1471,23.87547629999972,"[27, 0, 17, 8, 10, 18, 31, 23, 16, 19, 8, 2, 30, 8, 11, 29, 23, 28, 4, 1, 9, 14, 29, 3, 26, 15, 7, 5, 20, 12, 6, 15]",exponential,8,,0.001,7.099782573870462,8,4096,0.005
222,2048,3.0,2535,36.748802400001296,"[17, 1, 7, 24, 10, 31, 15, 23, 16, 20, 0, 2, 30, 25, 11, 8, 0, 18, 4, 14, 24, 19, 29, 3, 26, 28, 13, 21, 27, 12, 22, 3]",exponential,8,,0.001,6.6571903733588735,8,4096,0.005
223,4096,1.0,4635,69.25082430000111,"[17, 1, 7, 28, 10, 15, 26, 23, 16, 20, 9, 2, 30, 3, 11, 8, 25, 18, 31, 3, 24, 19, 29, 5, 12, 21, 13, 0, 22, 14, 4, 6]",exponential,8,,0.001,5.658661726518785,8,4096,0.005
224,0,29.0,0,0.004883800000243355,"[6, 19, 28, 14, 10, 7, 28, 20, 6, 25, 18, 22, 10, 10, 23, 20, 3, 7, 23, 2, 21, 20, 1, 23, 11, 29, 5, 1, 31, 27, 20, 0]",geometric,9,0.99,0.001,8.999558256369129,9,4096,
225,1,29.0,2,1.4297733999992488,"[6, 19, 28, 14, 10, 7, 28, 20, 6, 25, 18, 26, 10, 10, 23, 20, 3, 7, 23, 2, 21, 20, 1, 23, 11, 29, 5, 1, 31, 27, 20, 0]",geometric,9,0.99,0.001,8.871597437020917,9,4096,
226,2,31.0,4,2.7982074999999895,"[6, 19, 28, 14, 10, 7, 28, 20, 6, 25, 18, 24, 10, 10, 23, 20, 3, 7, 23, 2, 21, 20, 1, 23, 11, 29, 5, 1, 31, 27, 20, 0]",geometric,9,0.99,0.001,8.750419588344139,9,4096,
227,4,32.0,8,4.159657699998206,"[6, 19, 28, 14, 10, 7, 28, 20, 6, 25, 18, 24, 10, 10, 23, 20, 3, 7, 23, 2, 21, 20, 1, 23, 11, 29, 31, 28, 31, 27, 20, 0]",geometric,9,0.99,0.001,8.631502746035924,9,4096,
228,8,32.0,16,5.538253899998381,"[6, 19, 4, 14, 10, 7, 28, 20, 6, 25, 18, 24, 10, 10, 23, 20, 3, 7, 11, 2, 21, 20, 20, 23, 11, 29, 31, 28, 31, 30, 20, 0]",geometric,9,0.99,0.001,8.512734898218381,9,4096,
229,16,28.0,32,6.923703699998441,"[6, 19, 4, 14, 10, 7, 11, 20, 26, 25, 18, 24, 10, 10, 28, 20, 3, 26, 11, 2, 1, 20, 20, 23, 11, 29, 31, 13, 31, 30, 20, 0]",geometric,9,0.99,0.001,8.39502299621658,9,4096,
230,32,34.0,63,8.338342199996987,"[6, 9, 4, 18, 10, 7, 8, 13, 26, 3, 18, 24, 10, 10, 13, 12, 3, 26, 11, 2, 1, 20, 20, 23, 30, 24, 31, 12, 31, 3, 17, 0]",geometric,9,0.99,0.001,8.276510461889476,9,4096,
231,64,30.0,125,9.798997099998815,"[2, 10, 12, 12, 9, 7, 30, 11, 14, 28, 19, 7, 19, 2, 13, 23, 3, 26, 11, 29, 1, 20, 30, 23, 20, 22, 19, 11, 31, 30, 13, 4]",geometric,9,0.99,0.001,8.155898154555853,9,4096,
232,128,24.0,244,11.422865299999103,"[16, 21, 20, 12, 0, 15, 2, 11, 30, 28, 31, 24, 18, 30, 13, 29, 27, 1, 22, 23, 12, 2, 30, 20, 20, 22, 27, 14, 17, 0, 5, 8]",geometric,9,0.99,0.001,8.023870766515065,9,4096,
233,256,15.0,443,13.297241099997336,"[2, 25, 13, 3, 5, 12, 24, 9, 30, 8, 4, 17, 28, 20, 17, 29, 7, 1, 16, 31, 6, 25, 14, 2, 13, 15, 27, 7, 13, 22, 26, 5]",geometric,9,0.99,0.001,7.8741310703934495,9,4096,
234,512,5.0,733,15.658756699998776,"[8, 11, 29, 3, 19, 0, 24, 17, 30, 12, 4, 24, 29, 20, 5, 29, 6, 28, 16, 31, 6, 25, 14, 2, 13, 7, 27, 1, 15, 10, 26, 9]",geometric,9,0.99,0.001,7.689446570118758,9,4096,
235,1024,2.0,1257,19.38387739999962,"[8, 21, 23, 3, 19, 7, 24, 17, 30, 12, 4, 16, 29, 20, 5, 0, 2, 28, 31, 31, 6, 25, 14, 11, 13, 22, 27, 1, 15, 10, 26, 9]",geometric,9,0.99,0.001,7.406885935240941,9,4096,
236,2048,1.0,2292,27.48405619999903,"[8, 21, 23, 3, 19, 7, 24, 17, 1, 12, 4, 16, 29, 20, 5, 0, 2, 28, 13, 31, 18, 25, 14, 11, 30, 22, 27, 2, 15, 10, 26, 9]",geometric,9,0.99,0.001,6.827786812530745,9,4096,
237,4096,1.0,3862,49.34826279999834,"[8, 10, 23, 3, 19, 7, 24, 17, 27, 12, 4, 16, 29, 20, 5, 0, 2, 28, 13, 31, 18, 25, 14, 11, 30, 1, 6, 26, 15, 22, 12, 9]",geometric,9,0.99,0.001,5.48083774477085,9,4096,
238,0,29.0,0,0.004850499997701263,"[6, 19, 28, 14, 10, 7, 28, 20, 6, 25, 18, 22, 10, 10, 23, 20, 3, 7, 23, 2, 21, 20, 1, 23, 11, 29, 5, 1, 31, 27, 20, 0]",exponential,9,,0.001,8.999781730146909,9,4096,0.005
239,1,29.0,2,2.282302499999787,"[6, 19, 28, 14, 10, 7, 28, 20, 6, 25, 18, 26, 10, 10, 23, 20, 3, 7, 23, 2, 21, 20, 1, 23, 11, 29, 5, 1, 31, 27, 20, 0]",exponential,9,,0.001,8.897880166568125,9,4096,0.005
240,2,31.0,4,4.508762499997829,"[6, 19, 28, 14, 10, 7, 28, 20, 6, 25, 18, 24, 10, 10, 23, 20, 3, 7, 23, 2, 21, 20, 1, 23, 11, 29, 5, 1, 31, 27, 20, 0]",exponential,9,,0.001,8.79937560365101,9,4096,0.005
241,4,32.0,8,7.110500299997511,"[6, 19, 28, 14, 10, 7, 28, 20, 6, 25, 18, 24, 10, 10, 23, 20, 3, 7, 23, 2, 21, 20, 1, 23, 11, 29, 31, 28, 31, 27, 20, 0]",exponential,9,,0.001,8.685648586520044,9,4096,0.005
242,8,32.0,16,9.862456899998506,"[6, 19, 4, 14, 10, 7, 28, 20, 6, 25, 18, 24, 10, 10, 23, 20, 3, 7, 11, 2, 21, 20, 20, 23, 11, 29, 31, 28, 31, 30, 20, 0]",exponential,9,,0.001,8.566954422433199,9,4096,0.005
243,16,28.0,32,11.29995919999783,"[6, 19, 4, 14, 10, 7, 11, 20, 26, 25, 18, 24, 10, 10, 28, 20, 3, 26, 11, 2, 1, 20, 20, 23, 11, 29, 31, 13, 31, 30, 20, 0]",exponential,9,,0.001,8.505600095598655,9,4096,0.005
244,32,34.0,63,12.851224699999875,"[6, 9, 4, 18, 10, 7, 8, 13, 26, 3, 18, 24, 10, 10, 13, 12, 3, 26, 11, 2, 1, 20, 20, 23, 30, 24, 31, 12, 31, 3, 17, 0]",exponential,9,,0.001,8.439883066537355,9,4096,0.005
245,64,30.0,125,14.383185099999537,"[2, 10, 12, 12, 9, 7, 30, 11, 14, 28, 19, 7, 19, 2, 13, 23, 3, 26, 11, 29, 1, 20, 30, 23, 20, 22, 19, 11, 31, 30, 13, 4]",exponential,9,,0.001,8.375482197178549,9,4096,0.005
246,128,31.0,246,16.100092399999994,"[4, 0, 20, 12, 0, 12, 5, 27, 3, 28, 16, 4, 19, 2, 13, 18, 0, 1, 19, 30, 30, 13, 31, 0, 20, 22, 18, 25, 17, 25, 5, 7]",exponential,9,,0.001,8.303890295855608,9,4096,0.005
247,256,24.0,475,18.2306929999977,"[0, 16, 22, 6, 8, 19, 27, 16, 3, 26, 29, 16, 0, 31, 12, 20, 29, 17, 29, 27, 27, 20, 24, 2, 20, 6, 26, 14, 4, 1, 9, 5]",exponential,9,,0.001,8.215898448484749,9,4096,0.005
248,512,18.0,894,21.010553599997365,"[13, 27, 19, 26, 20, 5, 0, 29, 1, 6, 21, 12, 9, 31, 3, 29, 11, 13, 0, 4, 26, 24, 15, 31, 14, 8, 12, 10, 14, 23, 28, 1]",exponential,9,,0.001,8.102493139637765,9,4096,0.005
249,1024,5.0,1514,25.072858199997427,"[20, 8, 6, 2, 13, 5, 17, 9, 25, 30, 21, 1, 3, 8, 22, 29, 12, 31, 7, 3, 26, 24, 27, 15, 4, 18, 0, 10, 14, 23, 28, 16]",exponential,9,,0.001,7.939579279099744,9,4096,0.005
250,2048,3.0,2592,35.79776779999884,"[1, 19, 13, 28, 9, 5, 22, 30, 25, 16, 29, 10, 7, 4, 0, 17, 20, 6, 31, 3, 26, 8, 31, 15, 0, 18, 24, 12, 2, 23, 27, 14]",exponential,9,,0.001,7.525037081043538,9,4096,0.005
251,4096,1.0,4671,69.26207769999746,"[1, 19, 22, 11, 26, 5, 9, 30, 25, 16, 29, 10, 7, 4, 28, 17, 20, 6, 31, 3, 8, 30, 12, 15, 2, 18, 24, 0, 13, 23, 27, 14]",exponential,9,,0.001,6.365636257001563,9,4096,0.005
252,0,29.0,0,0.004934799999318784,"[6, 19, 28, 14, 10, 7, 28, 20, 6, 25, 18, 22, 10, 10, 23, 20, 3, 7, 23, 2, 21, 20, 1, 23, 11, 29, 5, 1, 31, 27, 20, 0]",geometric,10,0.99,0.001,9.99950404832518,10,4096,
253,1,29.0,2,1.5814237000013236,"[6, 19, 28, 14, 10, 7, 28, 20, 6, 25, 18, 26, 10, 10, 23, 20, 3, 7, 23, 2, 21, 20, 1, 23, 11, 29, 5, 1, 31, 27, 20, 0]",geometric,10,0.99,0.001,9.842318012347556,10,4096,
254,2,31.0,4,3.2038998999996693,"[6, 19, 28, 14, 10, 7, 28, 20, 6, 25, 18, 24, 10, 10, 23, 20, 3, 7, 23, 2, 21, 20, 1, 23, 11, 29, 5, 1, 31, 27, 20, 0]",geometric,10,0.99,0.001,9.683126386523186,10,4096,
255,4,32.0,8,4.832489600001281,"[6, 19, 28, 14, 10, 7, 28, 20, 6, 25, 18, 24, 10, 10, 23, 20, 3, 7, 23, 2, 21, 20, 1, 23, 11, 29, 31, 28, 31, 27, 20, 0]",geometric,10,0.99,0.001,9.525924241231255,10,4096,
256,8,32.0,16,7.420272200000909,"[6, 19, 4, 14, 10, 7, 28, 20, 6, 25, 18, 24, 10, 10, 23, 20, 3, 7, 11, 2, 21, 20, 20, 23, 11, 29, 31, 28, 31, 30, 20, 0]",geometric,10,0.99,0.001,9.281367216028581,10,4096,
257,16,28.0,32,10.221858500000963,"[6, 19, 4, 14, 10, 7, 11, 20, 26, 25, 18, 24, 10, 10, 28, 20, 3, 26, 11, 2, 1, 20, 20, 23, 11, 29, 31, 13, 31, 30, 20, 0]",geometric,10,0.99,0.001,9.023677734046206,10,4096,
258,32,34.0,63,13.186853700000938,"[6, 9, 4, 18, 10, 7, 8, 13, 26, 3, 18, 24, 10, 10, 13, 12, 3, 26, 11, 2, 1, 20, 20, 23, 30, 24, 31, 12, 31, 3, 17, 0]",geometric,10,0.99,0.001,8.758746354218731,10,4096,
259,64,30.0,125,16.51605909999853,"[2, 10, 12, 12, 9, 7, 30, 11, 14, 28, 19, 7, 19, 2, 13, 23, 3, 26, 11, 29, 1, 20, 30, 23, 20, 22, 19, 11, 31, 30, 13, 4]",geometric,10,0.99,0.001,8.470530606207308,10,4096,
260,128,24.0,244,19.80973350000204,"[16, 21, 20, 12, 0, 15, 2, 11, 30, 28, 31, 24, 18, 30, 13, 29, 27, 1, 22, 23, 12, 2, 30, 20, 20, 22, 27, 14, 17, 0, 5, 8]",geometric,10,0.99,0.001,8.19472470142441,10,4096,
261,256,18.0,444,23.39879690000089,"[0, 25, 11, 21, 8, 28, 28, 9, 18, 30, 11, 16, 20, 20, 17, 29, 3, 1, 16, 31, 6, 25, 14, 2, 12, 20, 9, 27, 13, 22, 5, 20]",geometric,10,0.99,0.001,7.904398096056791,10,4096,
262,512,4.0,751,26.876133699999627,"[28, 12, 19, 21, 8, 2, 28, 9, 18, 30, 10, 24, 3, 1, 4, 29, 14, 25, 7, 31, 26, 2, 15, 30, 23, 20, 5, 11, 13, 22, 6, 27]",geometric,10,0.99,0.001,7.632923441768776,10,4096,
263,1024,3.0,1284,30.739189500000066,"[27, 0, 19, 21, 8, 2, 17, 9, 18, 30, 10, 24, 19, 1, 4, 29, 14, 25, 7, 31, 26, 12, 15, 28, 16, 20, 5, 11, 13, 23, 6, 17]",geometric,10,0.99,0.001,7.342254254778535,10,4096,
264,2048,1.0,2326,38.94233560000066,"[22, 16, 11, 21, 8, 2, 23, 9, 18, 30, 10, 24, 19, 1, 4, 29, 14, 25, 7, 31, 26, 12, 15, 28, 3, 20, 27, 5, 13, 25, 6, 17]",geometric,10,0.99,0.001,6.761207790261748,10,4096,
265,4096,1.0,3229,48.4141535000017,"[22, 16, 11, 21, 8, 2, 23, 9, 0, 30, 10, 24, 19, 1, 4, 29, 14, 25, 7, 31, 26, 12, 15, 28, 3, 20, 27, 5, 13, 28, 6, 17]",geometric,10,0.99,0.001,6.147260837073708,10,4096,
266,0,29.0,0,0.0049063000005844515,"[6, 19, 28, 14, 10, 7, 28, 20, 6, 25, 18, 22, 10, 10, 23, 20, 3, 7, 23, 2, 21, 20, 1, 23, 11, 29, 5, 1, 31, 27, 20, 0]",exponential,10,,0.001,9.999754688008919,10,4096,0.005
267,1,29.0,2,1.5666894000023603,"[6, 19, 28, 14, 10, 7, 28, 20, 6, 25, 18, 26, 10, 10, 23, 20, 3, 7, 23, 2, 21, 20, 1, 23, 11, 29, 5, 1, 31, 27, 20, 0]",exponential,10,,0.001,9.921971544887587,10,4096,0.005
268,2,31.0,4,3.111323799999809,"[6, 19, 28, 14, 10, 7, 28, 20, 6, 25, 18, 24, 10, 10, 23, 20, 3, 7, 23, 2, 21, 20, 1, 23, 11, 29, 5, 1, 31, 27, 20, 0]",exponential,10,,0.001,9.845637601580542,10,4096,0.005
269,4,32.0,8,4.625552500001504,"[6, 19, 28, 14, 10, 7, 28, 20, 6, 25, 18, 24, 10, 10, 23, 20, 3, 7, 23, 2, 21, 20, 1, 23, 11, 29, 31, 28, 31, 27, 20, 0]",exponential,10,,0.001,9.771376342509,10,4096,0.005
270,8,32.0,16,6.17098629999964,"[6, 19, 4, 14, 10, 7, 28, 20, 6, 25, 18, 24, 10, 10, 23, 20, 3, 7, 11, 2, 21, 20, 20, 23, 11, 29, 31, 28, 31, 30, 20, 0]",exponential,10,,0.001,9.696162236449373,10,4096,0.005
271,16,28.0,32,7.6955526000019745,"[6, 19, 4, 14, 10, 7, 11, 20, 26, 25, 18, 24, 10, 10, 28, 20, 3, 26, 11, 2, 1, 20, 20, 23, 11, 29, 31, 13, 31, 30, 20, 0]",exponential,10,,0.001,9.622531021241322,10,4096,0.005
272,32,34.0,63,9.27513639999961,"[6, 9, 4, 18, 10, 7, 8, 13, 26, 3, 18, 24, 10, 10, 13, 12, 3, 26, 11, 2, 1, 20, 20, 23, 30, 24, 31, 12, 31, 3, 17, 0]",exponential,10,,0.001,9.546832375036997,10,4096,0.005
273,64,32.0,126,10.991446600000927,"[2, 10, 12, 12, 9, 7, 30, 11, 14, 28, 19, 7, 14, 2, 13, 23, 3, 26, 11, 29, 1, 20, 30, 23, 20, 22, 19, 11, 31, 30, 13, 4]",exponential,10,,0.001,9.465256271493827,10,4096,0.005
274,128,27.0,248,12.848528700000315,"[28, 0, 6, 23, 27, 15, 5, 20, 3, 28, 24, 4, 14, 2, 0, 30, 0, 14, 22, 23, 16, 23, 8, 23, 20, 16, 1, 25, 31, 1, 5, 8]",exponential,10,,0.001,9.377774263253205,10,4096,0.005
275,256,20.0,486,15.027786300001026,"[0, 4, 8, 5, 2, 19, 27, 9, 18, 26, 12, 31, 0, 31, 3, 25, 31, 2, 29, 27, 23, 4, 29, 3, 21, 12, 1, 13, 10, 3, 22, 4]",exponential,10,,0.001,9.276146024875974,10,4096,0.005
276,512,17.0,915,17.90918900000179,"[14, 21, 7, 12, 19, 12, 29, 1, 4, 20, 3, 18, 10, 1, 24, 28, 11, 1, 15, 25, 22, 28, 11, 13, 23, 27, 8, 14, 28, 2, 1, 17]",exponential,10,,0.001,9.143462545205512,10,4096,0.005
277,1024,5.0,1535,22.204659900002298,"[3, 23, 25, 11, 16, 12, 10, 5, 17, 27, 22, 30, 29, 6, 15, 7, 18, 31, 31, 4, 8, 0, 28, 3, 13, 21, 31, 26, 14, 1, 24, 2]",exponential,10,,0.001,8.949178975465543,10,4096,0.005
278,2048,3.0,2612,33.36438420000195,"[15, 2, 18, 11, 30, 12, 10, 5, 17, 27, 22, 24, 29, 6, 19, 7, 26, 31, 9, 4, 8, 0, 21, 3, 14, 28, 23, 29, 16, 25, 7, 20]",exponential,10,,0.001,8.4635031513596,10,4096,0.005
279,4096,2.0,4712,56.781578099999024,"[3, 27, 18, 11, 26, 12, 10, 5, 1, 4, 22, 24, 6, 23, 19, 7, 30, 28, 9, 21, 17, 0, 2, 29, 14, 25, 8, 15, 1, 14, 31, 20]",exponential,10,,0.001,7.528359848588549,10,4096,0.005
280,0,29.0,0,0.004931399998895358,"[6, 19, 28, 14, 10, 7, 28, 20, 6, 25, 18, 22, 10, 10, 23, 20, 3, 7, 23, 2, 21, 20, 1, 23, 11, 29, 5, 1, 31, 27, 20, 0]",geometric,50,0.99,0.001,49.9975219500985,50,4096,
281,1,29.0,2,1.6052789999994275,"[6, 19, 28, 14, 10, 7, 28, 20, 6, 25, 18, 26, 10, 10, 23, 20, 3, 7, 23, 2, 21, 20, 1, 23, 11, 29, 5, 1, 31, 27, 20, 0]",geometric,50,0.99,0.001,49.19979281142902,50,4096,
282,2,31.0,4,3.220148299998982,"[6, 19, 28, 14, 10, 7, 28, 20, 6, 25, 18, 24, 10, 10, 23, 20, 3, 7, 23, 2, 21, 20, 1, 23, 11, 29, 5, 1, 31, 27, 20, 0]",geometric,50,0.99,0.001,48.40772621456843,50,4096,
283,4,32.0,8,4.854375399998389,"[6, 19, 28, 14, 10, 7, 28, 20, 6, 25, 18, 24, 10, 10, 23, 20, 3, 7, 23, 2, 21, 20, 1, 23, 11, 29, 31, 28, 31, 27, 20, 0]",geometric,50,0.99,0.001,47.619145763933176,50,4096,
284,8,32.0,16,7.487891499997204,"[6, 19, 4, 14, 10, 7, 28, 20, 6, 25, 18, 24, 10, 10, 23, 20, 3, 7, 11, 2, 21, 20, 20, 23, 11, 29, 31, 28, 31, 30, 20, 0]",geometric,50,0.99,0.001,46.375308862748476,50,4096,
285,16,28.0,32,10.0781293,"[6, 19, 4, 14, 10, 7, 11, 20, 26, 25, 18, 24, 10, 10, 28, 20, 3, 26, 11, 2, 1, 20, 20, 23, 11, 29, 31, 13, 31, 30, 20, 0]",geometric,50,0.99,0.001,45.18361048475435,50,4096,
286,32,36.0,64,12.787854799997149,"[6, 9, 4, 18, 10, 7, 8, 13, 26, 3, 18, 24, 10, 10, 13, 12, 3, 14, 11, 2, 1, 20, 20, 23, 30, 24, 31, 12, 31, 3, 17, 0]",geometric,50,0.99,0.001,43.96970041800549,50,4096,
287,64,30.0,128,15.492034099999728,"[5, 10, 2, 12, 9, 7, 16, 22, 14, 28, 19, 7, 14, 2, 13, 12, 8, 14, 11, 2, 1, 28, 30, 4, 20, 23, 18, 11, 31, 30, 17, 4]",geometric,50,0.99,0.001,42.790788594468694,50,4096,
288,128,31.0,255,18.548635600000125,"[3, 0, 16, 23, 1, 7, 16, 3, 8, 28, 19, 4, 14, 2, 27, 28, 0, 1, 19, 8, 16, 13, 30, 20, 20, 5, 18, 15, 17, 5, 5, 8]",geometric,50,0.99,0.001,41.49624694238641,50,4096,
289,256,29.0,499,22.037492399998882,"[1, 30, 23, 11, 2, 6, 3, 9, 6, 25, 29, 16, 27, 31, 17, 25, 29, 1, 12, 27, 23, 4, 24, 3, 26, 4, 26, 27, 8, 17, 18, 24]",geometric,50,0.99,0.001,40.06642915241803,50,4096,
290,512,8.0,896,26.533737399997335,"[20, 0, 7, 25, 19, 12, 27, 31, 4, 17, 3, 24, 30, 3, 26, 3, 11, 28, 19, 5, 23, 18, 0, 23, 15, 19, 10, 29, 13, 2, 28, 1]",geometric,50,0.99,0.001,38.29617543511896,50,4096,
291,1024,6.0,1465,33.8616938999985,"[27, 16, 7, 25, 14, 12, 18, 23, 4, 17, 9, 24, 30, 3, 31, 6, 4, 19, 11, 5, 29, 4, 0, 21, 13, 22, 26, 14, 20, 2, 28, 8]",geometric,50,0.99,0.001,35.57707995989301,50,4096,
292,2048,3.0,2557,48.470928200000344,"[15, 29, 16, 25, 13, 2, 18, 26, 0, 17, 9, 24, 30, 3, 0, 6, 22, 19, 11, 1, 7, 4, 10, 27, 31, 20, 5, 27, 13, 23, 28, 8]",geometric,50,0.99,0.001,30.7187709053375,50,4096,
293,4096,1.0,4646,82.0022046999984,"[15, 29, 16, 2, 7, 18, 28, 3, 27, 17, 14, 31, 4, 24, 0, 22, 25, 19, 11, 6, 30, 26, 10, 21, 9, 20, 5, 1, 12, 23, 13, 8]",geometric,50,0.99,0.001,21.930389152087628,50,4096,
294,0,29.0,0,0.0043414000028860755,"[6, 19, 28, 14, 10, 7, 28, 20, 6, 25, 18, 22, 10, 10, 23, 20, 3, 7, 23, 2, 21, 20, 1, 23, 11, 29, 5, 1, 31, 27, 20, 0]",exponential,50,,0.001,49.99891466177904,50,4096,0.005
295,1,29.0,2,1.7815640000007988,"[6, 19, 28, 14, 10, 7, 28, 20, 6, 25, 18, 26, 10, 10, 23, 20, 3, 7, 23, 2, 21, 20, 1, 23, 11, 29, 5, 1, 31, 27, 20, 0]",exponential,50,,0.001,49.55658685428175,50,4096,0.005
296,2,31.0,4,3.4979171000013594,"[6, 19, 28, 14, 10, 7, 28, 20, 6, 25, 18, 24, 10, 10, 23, 20, 3, 7, 23, 2, 21, 20, 1, 23, 11, 29, 5, 1, 31, 27, 20, 0]",exponential,50,,0.001,49.133123477503254,50,4096,0.005
297,4,32.0,8,5.153338600001007,"[6, 19, 28, 14, 10, 7, 28, 20, 6, 25, 18, 24, 10, 10, 23, 20, 3, 7, 23, 2, 21, 20, 1, 23, 11, 29, 31, 28, 31, 27, 20, 0]",exponential,50,,0.001,48.728121766256905,50,4096,0.005
298,8,32.0,16,6.862007100000483,"[6, 19, 4, 14, 10, 7, 28, 20, 6, 25, 18, 24, 10, 10, 23, 20, 3, 7, 11, 2, 21, 20, 20, 23, 11, 29, 31, 28, 31, 30, 20, 0]",exponential,50,,0.001,48.31359398036882,50,4096,0.005
299,16,28.0,32,8.649337099999684,"[6, 19, 4, 14, 10, 7, 11, 20, 26, 25, 18, 24, 10, 10, 28, 20, 3, 26, 11, 2, 1, 20, 20, 23, 11, 29, 31, 13, 31, 30, 20, 0]",exponential,50,,0.001,47.88375581803324,50,4096,0.005
300,32,36.0,64,10.501138999999966,"[6, 9, 4, 18, 10, 7, 8, 13, 26, 3, 18, 24, 10, 10, 13, 12, 3, 14, 11, 2, 1, 20, 20, 23, 30, 24, 31, 12, 31, 3, 17, 0]",exponential,50,,0.001,47.442445867291504,50,4096,0.005
301,64,30.0,128,13.458757700002025,"[5, 10, 2, 12, 9, 7, 16, 22, 14, 28, 19, 7, 14, 2, 13, 12, 8, 14, 11, 2, 1, 28, 30, 4, 20, 23, 18, 11, 31, 30, 17, 4]",exponential,50,,0.001,46.74602460482714,50,4096,0.005
302,128,30.0,255,16.563725900003192,"[14, 0, 16, 23, 1, 7, 16, 27, 8, 28, 16, 4, 14, 2, 27, 29, 0, 1, 22, 24, 1, 13, 30, 0, 20, 5, 18, 15, 17, 25, 5, 8]",exponential,50,,0.001,46.025904345318324,50,4096,0.005
303,256,32.0,506,20.202087600002415,"[16, 4, 22, 12, 2, 19, 25, 9, 18, 25, 17, 2, 0, 13, 17, 3, 31, 2, 8, 27, 22, 25, 25, 2, 21, 4, 10, 13, 8, 16, 22, 5]",exponential,50,,0.001,45.196179884104914,50,4096,0.005
304,512,23.0,1000,25.22883870000078,"[7, 27, 30, 12, 18, 5, 2, 31, 2, 19, 26, 11, 30, 1, 18, 29, 6, 30, 30, 0, 26, 19, 19, 0, 26, 30, 9, 0, 17, 15, 3, 10]",exponential,50,,0.001,44.074386640886345,50,4096,0.005
305,1024,12.0,1785,32.50259800000276,"[10, 28, 16, 24, 7, 17, 10, 23, 0, 12, 31, 3, 20, 13, 21, 30, 4, 2, 7, 5, 1, 29, 9, 17, 22, 18, 2, 15, 11, 27, 14, 27]",exponential,50,,0.001,42.5002524294045,50,4096,0.005
306,2048,2.0,2867,46.07191570000214,"[10, 5, 15, 5, 26, 14, 27, 4, 22, 28, 13, 11, 3, 25, 21, 30, 2, 12, 7, 24, 1, 20, 9, 17, 8, 31, 18, 0, 29, 19, 23, 16]",exponential,50,,0.001,39.71239783307336,50,4096,0.005
307,4096,2.0,4955,82.68576290000055,"[20, 5, 24, 4, 1, 14, 27, 23, 31, 28, 13, 11, 0, 25, 13, 26, 2, 12, 7, 15, 22, 29, 9, 17, 8, 30, 18, 1, 21, 19, 6, 16]",exponential,50,,0.001,33.06893066360115,50,4096,0.005
308,0,29.0,0,0.004741700002341531,"[6, 19, 28, 14, 10, 7, 28, 20, 6, 25, 18, 22, 10, 10, 23, 20, 3, 7, 23, 2, 21, 20, 1, 23, 11, 29, 5, 1, 31, 27, 20, 0]",geometric,100,0.99,0.001,99.99523454579737,100,4096,
309,1,29.0,2,2.908054200001061,"[6, 19, 28, 14, 10, 7, 28, 20, 6, 25, 18, 26, 10, 10, 23, 20, 3, 7, 23, 2, 21, 20, 1, 23, 11, 29, 5, 1, 31, 27, 20, 0]",geometric,100,0.99,0.001,97.11960543008651,100,4096,
310,2,31.0,4,4.746227499999804,"[6, 19, 28, 14, 10, 7, 28, 20, 6, 25, 18, 24, 10, 10, 23, 20, 3, 7, 23, 2, 21, 20, 1, 23, 11, 29, 5, 1, 31, 27, 20, 0]",geometric,100,0.99,0.001,95.34186446813476,100,4096,
311,4,32.0,8,6.519125500002701,"[6, 19, 28, 14, 10, 7, 28, 20, 6, 25, 18, 24, 10, 10, 23, 20, 3, 7, 23, 2, 21, 20, 1, 23, 11, 29, 31, 28, 31, 27, 20, 0]",geometric,100,0.99,0.001,93.65808762155365,100,4096,
312,8,32.0,16,8.324610600000597,"[6, 19, 4, 14, 10, 7, 28, 20, 6, 25, 18, 24, 10, 10, 23, 20, 3, 7, 11, 2, 21, 20, 20, 23, 11, 29, 31, 28, 31, 30, 20, 0]",geometric,100,0.99,0.001,91.97391954085273,100,4096,
313,16,28.0,32,10.16379820000293,"[6, 19, 4, 14, 10, 7, 11, 20, 26, 25, 18, 24, 10, 10, 28, 20, 3, 26, 11, 2, 1, 20, 20, 23, 11, 29, 31, 13, 31, 30, 20, 0]",geometric,100,0.99,0.001,90.28944816829913,100,4096,
314,32,36.0,64,12.002385400002822,"[6, 9, 4, 18, 10, 7, 8, 13, 26, 3, 18, 24, 10, 10, 13, 12, 3, 14, 11, 2, 1, 20, 20, 23, 30, 24, 31, 12, 31, 3, 17, 0]",geometric,100,0.99,0.001,88.63636217168532,100,4096,
315,64,30.0,128,13.919026700001268,"[5, 10, 2, 12, 9, 7, 16, 22, 14, 28, 19, 7, 14, 2, 13, 12, 8, 14, 11, 2, 1, 28, 30, 4, 20, 23, 18, 11, 31, 30, 17, 4]",geometric,100,0.99,0.001,86.94530935652851,100,4096,
316,128,30.0,255,16.046951300002547,"[14, 0, 16, 23, 1, 7, 16, 27, 8, 28, 16, 4, 14, 2, 27, 29, 0, 1, 22, 24, 1, 13, 30, 0, 20, 5, 18, 15, 17, 25, 5, 8]",geometric,100,0.99,0.001,85.1056083104461,100,4096,
317,256,32.0,506,18.47940220000237,"[16, 4, 22, 12, 2, 19, 25, 9, 18, 25, 17, 2, 0, 13, 17, 3, 31, 2, 8, 27, 22, 25, 25, 2, 21, 4, 10, 13, 8, 16, 22, 5]",geometric,100,0.99,0.001,83.05026172807165,100,4096,
318,512,18.0,945,21.59920460000285,"[14, 13, 6, 20, 24, 1, 29, 29, 16, 29, 12, 4, 7, 26, 8, 3, 9, 25, 16, 25, 6, 27, 22, 10, 23, 28, 31, 18, 29, 5, 28, 10]",geometric,100,0.99,0.001,80.48661727631551,100,4096,
319,1024,5.0,1535,25.861828799999785,"[9, 2, 25, 18, 7, 26, 17, 5, 28, 6, 23, 27, 19, 15, 8, 3, 0, 13, 21, 27, 30, 11, 22, 12, 1, 1, 31, 16, 14, 20, 4, 10]",geometric,100,0.99,0.001,77.11132221014184,100,4096,
320,2048,3.0,2592,34.3329072000015,"[10, 23, 7, 18, 16, 21, 17, 5, 28, 6, 19, 24, 29, 15, 8, 3, 0, 13, 21, 27, 27, 11, 22, 15, 1, 12, 30, 26, 14, 20, 4, 9]",geometric,100,0.99,0.001,70.81798102970099,100,4096,
321,4096,2.0,4707,58.10464100000172,"[19, 25, 12, 21, 27, 31, 17, 5, 1, 6, 23, 28, 13, 7, 30, 3, 0, 20, 22, 8, 2, 11, 27, 15, 24, 10, 2, 29, 14, 16, 4, 26]",geometric,100,0.99,0.001,55.76793314016667,100,4096,
322,0,29.0,0,0.00468179999734275,"[6, 19, 28, 14, 10, 7, 28, 20, 6, 25, 18, 22, 10, 10, 23, 20, 3, 7, 23, 2, 21, 20, 1, 23, 11, 29, 5, 1, 31, 27, 20, 0]",exponential,100,,0.001,99.99765912740017,100,4096,0.005
323,1,29.0,2,1.9769352999974217,"[6, 19, 28, 14, 10, 7, 28, 20, 6, 25, 18, 26, 10, 10, 23, 20, 3, 7, 23, 2, 21, 20, 1, 23, 11, 29, 5, 1, 31, 27, 20, 0]",exponential,100,,0.001,99.0164016345025,100,4096,0.005
324,2,31.0,4,3.928353999999672,"[6, 19, 28, 14, 10, 7, 28, 20, 6, 25, 18, 24, 10, 10, 23, 20, 3, 7, 23, 2, 21, 20, 1, 23, 11, 29, 5, 1, 31, 27, 20, 0]",exponential,100,,0.001,98.05498727788333,100,4096,0.005
325,4,32.0,8,5.860754799999995,"[6, 19, 28, 14, 10, 7, 28, 20, 6, 25, 18, 24, 10, 10, 23, 20, 3, 7, 23, 2, 21, 20, 1, 23, 11, 29, 31, 28, 31, 27, 20, 0]",exponential,100,,0.001,97.11214182174864,100,4096,0.005
326,8,32.0,16,7.773460399999749,"[6, 19, 4, 14, 10, 7, 28, 20, 6, 25, 18, 24, 10, 10, 23, 20, 3, 7, 11, 2, 21, 20, 20, 23, 11, 29, 31, 28, 31, 30, 20, 0]",exponential,100,,0.001,96.1878340009963,100,4096,0.005
327,16,28.0,32,9.717197099998884,"[6, 19, 4, 14, 10, 7, 11, 20, 26, 25, 18, 24, 10, 10, 28, 20, 3, 26, 11, 2, 1, 20, 20, 23, 11, 29, 31, 13, 31, 30, 20, 0]",exponential,100,,0.001,95.25754281098294,100,4096,0.005
328,32,36.0,64,11.702769699997589,"[6, 9, 4, 18, 10, 7, 8, 13, 26, 3, 18, 24, 10, 10, 13, 12, 3, 14, 11, 2, 1, 20, 20, 23, 30, 24, 31, 12, 31, 3, 17, 0]",exponential,100,,0.001,94.31651788862571,100,4096,0.005
329,64,30.0,128,13.78656399999818,"[5, 10, 2, 12, 9, 7, 16, 22, 14, 28, 19, 7, 14, 2, 13, 12, 8, 14, 11, 2, 1, 28, 30, 4, 20, 23, 18, 11, 31, 30, 17, 4]",exponential,100,,0.001,93.3389383070748,100,4096,0.005
330,128,30.0,255,16.06531879999966,"[14, 0, 16, 23, 1, 7, 16, 27, 8, 28, 16, 4, 14, 2, 27, 29, 0, 1, 22, 24, 1, 13, 30, 0, 20, 5, 18, 15, 17, 25, 5, 8]",exponential,100,,0.001,92.28149113527216,100,4096,0.005
331,256,32.0,509,18.695670699999027,"[16, 4, 22, 12, 2, 6, 12, 16, 18, 30, 17, 2, 27, 12, 11, 3, 3, 2, 22, 27, 22, 25, 25, 2, 21, 12, 26, 13, 4, 17, 22, 5]",exponential,100,,0.001,91.07577319300721,100,4096,0.005
332,512,27.0,1010,23.756303899997874,"[12, 26, 7, 4, 29, 23, 19, 29, 2, 17, 27, 11, 10, 3, 7, 28, 29, 1, 31, 8, 16, 28, 19, 18, 0, 8, 9, 31, 30, 5, 20, 18]",exponential,100,,0.001,88.80017906449056,100,4096,0.005
333,1024,21.0,1873,31.873199199999362,"[9, 3, 21, 21, 3, 18, 4, 11, 23, 25, 18, 26, 3, 20, 28, 15, 8, 5, 8, 10, 26, 4, 18, 17, 30, 23, 21, 22, 2, 14, 11, 28]",exponential,100,,0.001,85.26842228375091,100,4096,0.005
334,2048,4.0,3001,47.58685289999994,"[9, 17, 30, 22, 2, 18, 21, 0, 4, 26, 16, 5, 7, 25, 1, 15, 24, 3, 19, 23, 30, 13, 27, 6, 31, 14, 2, 4, 8, 29, 11, 28]",exponential,100,,0.001,78.82545056947818,100,4096,0.005
335,4096,1.0,5094,89.27986629999941,"[9, 25, 8, 22, 20, 16, 11, 5, 30, 26, 3, 7, 7, 1, 17, 15, 24, 27, 19, 23, 0, 12, 21, 6, 31, 2, 10, 29, 13, 18, 4, 28]",exponential,100,,0.001,63.99281775525418,100,4096,0.005
