,Iteration,Fitness,FEvals,Time,State,use_fast_mimic,Population Size,Keep Percent,max_iters
0,0,29.0,1000,0.9150616000042646,"[6, 19, 28, 14, 10, 7, 28, 20, 6, 25, 18, 22, 10, 10, 23, 20, 3, 7, 23, 2, 21, 20, 1, 23, 11, 29, 5, 1, 31, 27, 20, 0]",True,1000,0.25,4096
1,1,19.0,2002,2.6621863000036683,"[30.0, 1.0, 1.0, 12.0, 22.0, 1.0, 11.0, 22.0, 29.0, 4.0, 18.0, 24.0, 15.0, 9.0, 6.0, 20.0, 4.0, 15.0, 24.0, 0.0, 20.0, 10.0, 23.0, 13.0, 28.0, 16.0, 6.0, 9.0, 20.0, 2.0, 27.0, 7.0]",True,1000,0.25,4096
2,2,19.0,3003,4.282271800002491,"[30.0, 1.0, 1.0, 12.0, 22.0, 1.0, 11.0, 22.0, 29.0, 4.0, 18.0, 24.0, 15.0, 9.0, 6.0, 20.0, 4.0, 15.0, 24.0, 0.0, 20.0, 10.0, 23.0, 13.0, 28.0, 16.0, 6.0, 9.0, 20.0, 2.0, 27.0, 7.0]",True,1000,0.25,4096
3,4,16.0,5006,7.657205800001975,"[18.0, 21.0, 23.0, 3.0, 11.0, 24.0, 24.0, 29.0, 18.0, 5.0, 22.0, 5.0, 28.0, 12.0, 9.0, 29.0, 4.0, 25.0, 1.0, 0.0, 11.0, 10.0, 2.0, 14.0, 16.0, 2.0, 28.0, 19.0, 31.0, 23.0, 27.0, 7.0]",True,1000,0.25,4096
4,8,14.0,9012,14.442498100004741,"[4.0, 14.0, 1.0, 18.0, 21.0, 23.0, 16.0, 1.0, 29.0, 9.0, 30.0, 25.0, 31.0, 19.0, 21.0, 20.0, 28.0, 17.0, 20.0, 5.0, 15.0, 30.0, 7.0, 6.0, 25.0, 12.0, 24.0, 3.0, 28.0, 26.0, 11.0, 0.0]",True,1000,0.25,4096
5,16,7.0,17025,29.03231720000622,"[11.0, 13.0, 16.0, 27.0, 30.0, 4.0, 6.0, 15.0, 9.0, 11.0, 28.0, 5.0, 28.0, 10.0, 18.0, 20.0, 0.0, 7.0, 25.0, 26.0, 29.0, 31.0, 1.0, 8.0, 2.0, 0.0, 3.0, 14.0, 22.0, 17.0, 12.0, 24.0]",True,1000,0.25,4096
6,32,7.0,33041,72.19083959999989,"[11.0, 13.0, 16.0, 27.0, 30.0, 4.0, 6.0, 15.0, 9.0, 11.0, 28.0, 5.0, 28.0, 10.0, 18.0, 20.0, 0.0, 7.0, 25.0, 26.0, 29.0, 31.0, 1.0, 8.0, 2.0, 0.0, 3.0, 14.0, 22.0, 17.0, 12.0, 24.0]",True,1000,0.25,4096
7,64,7.0,65073,167.76623290000134,"[11.0, 13.0, 16.0, 27.0, 30.0, 4.0, 6.0, 15.0, 9.0, 11.0, 28.0, 5.0, 28.0, 10.0, 18.0, 20.0, 0.0, 7.0, 25.0, 26.0, 29.0, 31.0, 1.0, 8.0, 2.0, 0.0, 3.0, 14.0, 22.0, 17.0, 12.0, 24.0]",True,1000,0.25,4096
8,128,7.0,129137,361.4416435000021,"[11.0, 13.0, 16.0, 27.0, 30.0, 4.0, 6.0, 15.0, 9.0, 11.0, 28.0, 5.0, 28.0, 10.0, 18.0, 20.0, 0.0, 7.0, 25.0, 26.0, 29.0, 31.0, 1.0, 8.0, 2.0, 0.0, 3.0, 14.0, 22.0, 17.0, 12.0, 24.0]",True,1000,0.25,4096
9,256,6.0,257266,758.0996699000025,"[13.0, 13.0, 16.0, 27.0, 30.0, 4.0, 6.0, 15.0, 9.0, 11.0, 28.0, 30.0, 28.0, 10.0, 18.0, 20.0, 0.0, 7.0, 25.0, 14.0, 29.0, 31.0, 1.0, 8.0, 2.0, 0.0, 3.0, 10.0, 22.0, 17.0, 12.0, 23.0]",True,1000,0.25,4096
10,512,6.0,361370,1082.9074966000044,"[13.0, 13.0, 16.0, 27.0, 30.0, 4.0, 6.0, 15.0, 9.0, 11.0, 28.0, 30.0, 28.0, 10.0, 18.0, 20.0, 0.0, 7.0, 25.0, 14.0, 29.0, 31.0, 1.0, 8.0, 2.0, 0.0, 3.0, 10.0, 22.0, 17.0, 12.0, 23.0]",True,1000,0.25,4096
11,1024,6.0,361370,1082.9074966000044,"[13.0, 13.0, 16.0, 27.0, 30.0, 4.0, 6.0, 15.0, 9.0, 11.0, 28.0, 30.0, 28.0, 10.0, 18.0, 20.0, 0.0, 7.0, 25.0, 14.0, 29.0, 31.0, 1.0, 8.0, 2.0, 0.0, 3.0, 10.0, 22.0, 17.0, 12.0, 23.0]",True,1000,0.25,4096
12,2048,6.0,361370,1082.9074966000044,"[13.0, 13.0, 16.0, 27.0, 30.0, 4.0, 6.0, 15.0, 9.0, 11.0, 28.0, 30.0, 28.0, 10.0, 18.0, 20.0, 0.0, 7.0, 25.0, 14.0, 29.0, 31.0, 1.0, 8.0, 2.0, 0.0, 3.0, 10.0, 22.0, 17.0, 12.0, 23.0]",True,1000,0.25,4096
13,4096,6.0,361370,1082.9074966000044,"[13.0, 13.0, 16.0, 27.0, 30.0, 4.0, 6.0, 15.0, 9.0, 11.0, 28.0, 30.0, 28.0, 10.0, 18.0, 20.0, 0.0, 7.0, 25.0, 14.0, 29.0, 31.0, 1.0, 8.0, 2.0, 0.0, 3.0, 10.0, 22.0, 17.0, 12.0, 23.0]",True,1000,0.25,4096
14,0,29.0,1000,0.9008027999952901,"[6, 19, 28, 14, 10, 7, 28, 20, 6, 25, 18, 22, 10, 10, 23, 20, 3, 7, 23, 2, 21, 20, 1, 23, 11, 29, 5, 1, 31, 27, 20, 0]",True,1000,0.5,4096
15,1,18.0,2002,3.1104304999971646,"[10.0, 20.0, 21.0, 31.0, 0.0, 1.0, 9.0, 29.0, 25.0, 20.0, 10.0, 13.0, 30.0, 12.0, 8.0, 27.0, 29.0, 4.0, 22.0, 24.0, 3.0, 18.0, 13.0, 18.0, 14.0, 29.0, 26.0, 2.0, 27.0, 27.0, 6.0, 17.0]",True,1000,0.5,4096
16,2,18.0,3003,5.21756219999952,"[10.0, 20.0, 21.0, 31.0, 0.0, 1.0, 9.0, 29.0, 25.0, 20.0, 10.0, 13.0, 30.0, 12.0, 8.0, 27.0, 29.0, 4.0, 22.0, 24.0, 3.0, 18.0, 13.0, 18.0, 14.0, 29.0, 26.0, 2.0, 27.0, 27.0, 6.0, 17.0]",True,1000,0.5,4096
17,4,17.0,5006,9.721404999996594,"[1.0, 28.0, 6.0, 6.0, 30.0, 20.0, 11.0, 13.0, 30.0, 27.0, 5.0, 8.0, 4.0, 0.0, 7.0, 0.0, 17.0, 20.0, 29.0, 8.0, 3.0, 9.0, 18.0, 3.0, 26.0, 19.0, 1.0, 31.0, 5.0, 23.0, 21.0, 3.0]",True,1000,0.5,4096
18,8,16.0,9011,18.414181699998153,"[4.0, 13.0, 18.0, 26.0, 20.0, 6.0, 31.0, 31.0, 28.0, 9.0, 12.0, 29.0, 25.0, 30.0, 1.0, 12.0, 23.0, 2.0, 31.0, 27.0, 16.0, 7.0, 31.0, 29.0, 27.0, 16.0, 8.0, 27.0, 0.0, 9.0, 5.0, 19.0]",True,1000,0.5,4096
19,16,11.0,17020,35.86233329999959,"[22.0, 25.0, 17.0, 7.0, 1.0, 19.0, 6.0, 10.0, 17.0, 5.0, 28.0, 0.0, 28.0, 21.0, 19.0, 8.0, 29.0, 11.0, 29.0, 31.0, 7.0, 9.0, 27.0, 29.0, 4.0, 16.0, 9.0, 24.0, 20.0, 30.0, 25.0, 13.0]",True,1000,0.5,4096
20,32,11.0,33036,75.23178299999563,"[22.0, 25.0, 17.0, 7.0, 1.0, 19.0, 6.0, 10.0, 17.0, 5.0, 28.0, 0.0, 28.0, 21.0, 19.0, 8.0, 29.0, 11.0, 29.0, 31.0, 7.0, 9.0, 27.0, 29.0, 4.0, 16.0, 9.0, 24.0, 20.0, 30.0, 25.0, 13.0]",True,1000,0.5,4096
21,64,11.0,65068,174.96858619999693,"[22.0, 25.0, 17.0, 7.0, 1.0, 19.0, 6.0, 10.0, 17.0, 5.0, 28.0, 0.0, 28.0, 21.0, 19.0, 8.0, 29.0, 11.0, 29.0, 31.0, 7.0, 9.0, 27.0, 29.0, 4.0, 16.0, 9.0, 24.0, 20.0, 30.0, 25.0, 13.0]",True,1000,0.5,4096
22,128,11.0,129132,377.43050379999477,"[22.0, 25.0, 17.0, 7.0, 1.0, 19.0, 6.0, 10.0, 17.0, 5.0, 28.0, 0.0, 28.0, 21.0, 19.0, 8.0, 29.0, 11.0, 29.0, 31.0, 7.0, 9.0, 27.0, 29.0, 4.0, 16.0, 9.0, 24.0, 20.0, 30.0, 25.0, 13.0]",True,1000,0.5,4096
23,256,11.0,212215,640.029916499996,"[22.0, 25.0, 17.0, 7.0, 1.0, 19.0, 6.0, 10.0, 17.0, 5.0, 28.0, 0.0, 28.0, 21.0, 19.0, 8.0, 29.0, 11.0, 29.0, 31.0, 7.0, 9.0, 27.0, 29.0, 4.0, 16.0, 9.0, 24.0, 20.0, 30.0, 25.0, 13.0]",True,1000,0.5,4096
24,512,11.0,212215,640.029916499996,"[22.0, 25.0, 17.0, 7.0, 1.0, 19.0, 6.0, 10.0, 17.0, 5.0, 28.0, 0.0, 28.0, 21.0, 19.0, 8.0, 29.0, 11.0, 29.0, 31.0, 7.0, 9.0, 27.0, 29.0, 4.0, 16.0, 9.0, 24.0, 20.0, 30.0, 25.0, 13.0]",True,1000,0.5,4096
25,1024,11.0,212215,640.029916499996,"[22.0, 25.0, 17.0, 7.0, 1.0, 19.0, 6.0, 10.0, 17.0, 5.0, 28.0, 0.0, 28.0, 21.0, 19.0, 8.0, 29.0, 11.0, 29.0, 31.0, 7.0, 9.0, 27.0, 29.0, 4.0, 16.0, 9.0, 24.0, 20.0, 30.0, 25.0, 13.0]",True,1000,0.5,4096
26,2048,11.0,212215,640.029916499996,"[22.0, 25.0, 17.0, 7.0, 1.0, 19.0, 6.0, 10.0, 17.0, 5.0, 28.0, 0.0, 28.0, 21.0, 19.0, 8.0, 29.0, 11.0, 29.0, 31.0, 7.0, 9.0, 27.0, 29.0, 4.0, 16.0, 9.0, 24.0, 20.0, 30.0, 25.0, 13.0]",True,1000,0.5,4096
27,4096,11.0,212215,640.029916499996,"[22.0, 25.0, 17.0, 7.0, 1.0, 19.0, 6.0, 10.0, 17.0, 5.0, 28.0, 0.0, 28.0, 21.0, 19.0, 8.0, 29.0, 11.0, 29.0, 31.0, 7.0, 9.0, 27.0, 29.0, 4.0, 16.0, 9.0, 24.0, 20.0, 30.0, 25.0, 13.0]",True,1000,0.5,4096
28,0,29.0,1000,0.8939131000006455,"[6, 19, 28, 14, 10, 7, 28, 20, 6, 25, 18, 22, 10, 10, 23, 20, 3, 7, 23, 2, 21, 20, 1, 23, 11, 29, 5, 1, 31, 27, 20, 0]",True,1000,0.75,4096
29,1,18.0,2002,3.557799000001978,"[24.0, 4.0, 12.0, 20.0, 17.0, 7.0, 0.0, 26.0, 12.0, 29.0, 11.0, 22.0, 7.0, 19.0, 27.0, 1.0, 1.0, 1.0, 23.0, 6.0, 14.0, 2.0, 9.0, 6.0, 27.0, 23.0, 28.0, 3.0, 8.0, 21.0, 20.0, 13.0]",True,1000,0.75,4096
30,2,18.0,3003,6.174892999995791,"[24.0, 4.0, 12.0, 20.0, 17.0, 7.0, 0.0, 26.0, 12.0, 29.0, 11.0, 22.0, 7.0, 19.0, 27.0, 1.0, 1.0, 1.0, 23.0, 6.0, 14.0, 2.0, 9.0, 6.0, 27.0, 23.0, 28.0, 3.0, 8.0, 21.0, 20.0, 13.0]",True,1000,0.75,4096
31,4,17.0,5006,11.390595500000927,"[11.0, 29.0, 4.0, 28.0, 24.0, 23.0, 29.0, 8.0, 16.0, 10.0, 27.0, 29.0, 27.0, 23.0, 26.0, 21.0, 19.0, 31.0, 12.0, 3.0, 25.0, 6.0, 22.0, 20.0, 1.0, 1.0, 8.0, 30.0, 24.0, 0.0, 18.0, 1.0]",True,1000,0.75,4096
32,8,17.0,9010,21.918655699999363,"[11.0, 29.0, 4.0, 28.0, 24.0, 23.0, 29.0, 8.0, 16.0, 10.0, 27.0, 29.0, 27.0, 23.0, 26.0, 21.0, 19.0, 31.0, 12.0, 3.0, 25.0, 6.0, 22.0, 20.0, 1.0, 1.0, 8.0, 30.0, 24.0, 0.0, 18.0, 1.0]",True,1000,0.75,4096
33,16,14.0,17019,43.270664199997555,"[10.0, 30.0, 21.0, 0.0, 24.0, 3.0, 13.0, 2.0, 17.0, 9.0, 6.0, 16.0, 23.0, 16.0, 3.0, 27.0, 18.0, 18.0, 25.0, 12.0, 7.0, 25.0, 28.0, 18.0, 9.0, 1.0, 12.0, 5.0, 28.0, 11.0, 29.0, 8.0]",True,1000,0.75,4096
34,32,13.0,33036,86.71996429999854,"[17.0, 3.0, 10.0, 27.0, 24.0, 11.0, 19.0, 13.0, 0.0, 28.0, 25.0, 16.0, 26.0, 8.0, 0.0, 27.0, 20.0, 27.0, 22.0, 0.0, 23.0, 30.0, 29.0, 24.0, 31.0, 1.0, 12.0, 2.0, 21.0, 17.0, 9.0, 31.0]",True,1000,0.75,4096
35,64,11.0,65070,176.9920134999993,"[19.0, 14.0, 26.0, 5.0, 7.0, 15.0, 12.0, 10.0, 31.0, 23.0, 25.0, 2.0, 13.0, 21.0, 30.0, 9.0, 0.0, 24.0, 5.0, 26.0, 29.0, 17.0, 4.0, 6.0, 3.0, 17.0, 3.0, 17.0, 3.0, 18.0, 28.0, 24.0]",True,1000,0.75,4096
36,128,11.0,129134,380.19759099999646,"[19.0, 14.0, 26.0, 5.0, 7.0, 15.0, 12.0, 10.0, 31.0, 23.0, 25.0, 2.0, 13.0, 21.0, 30.0, 9.0, 0.0, 24.0, 5.0, 26.0, 29.0, 17.0, 4.0, 6.0, 3.0, 17.0, 3.0, 17.0, 3.0, 18.0, 28.0, 24.0]",True,1000,0.75,4096
37,256,11.0,253258,773.0013264000008,"[19.0, 14.0, 26.0, 5.0, 7.0, 15.0, 12.0, 10.0, 31.0, 23.0, 25.0, 2.0, 13.0, 21.0, 30.0, 9.0, 0.0, 24.0, 5.0, 26.0, 29.0, 17.0, 4.0, 6.0, 3.0, 17.0, 3.0, 17.0, 3.0, 18.0, 28.0, 24.0]",True,1000,0.75,4096
38,512,11.0,253258,773.0013264000008,"[19.0, 14.0, 26.0, 5.0, 7.0, 15.0, 12.0, 10.0, 31.0, 23.0, 25.0, 2.0, 13.0, 21.0, 30.0, 9.0, 0.0, 24.0, 5.0, 26.0, 29.0, 17.0, 4.0, 6.0, 3.0, 17.0, 3.0, 17.0, 3.0, 18.0, 28.0, 24.0]",True,1000,0.75,4096
39,1024,11.0,253258,773.0013264000008,"[19.0, 14.0, 26.0, 5.0, 7.0, 15.0, 12.0, 10.0, 31.0, 23.0, 25.0, 2.0, 13.0, 21.0, 30.0, 9.0, 0.0, 24.0, 5.0, 26.0, 29.0, 17.0, 4.0, 6.0, 3.0, 17.0, 3.0, 17.0, 3.0, 18.0, 28.0, 24.0]",True,1000,0.75,4096
40,2048,11.0,253258,773.0013264000008,"[19.0, 14.0, 26.0, 5.0, 7.0, 15.0, 12.0, 10.0, 31.0, 23.0, 25.0, 2.0, 13.0, 21.0, 30.0, 9.0, 0.0, 24.0, 5.0, 26.0, 29.0, 17.0, 4.0, 6.0, 3.0, 17.0, 3.0, 17.0, 3.0, 18.0, 28.0, 24.0]",True,1000,0.75,4096
41,4096,11.0,253258,773.0013264000008,"[19.0, 14.0, 26.0, 5.0, 7.0, 15.0, 12.0, 10.0, 31.0, 23.0, 25.0, 2.0, 13.0, 21.0, 30.0, 9.0, 0.0, 24.0, 5.0, 26.0, 29.0, 17.0, 4.0, 6.0, 3.0, 17.0, 3.0, 17.0, 3.0, 18.0, 28.0, 24.0]",True,1000,0.75,4096
42,0,29.0,2000,1.7759054999987711,"[6, 19, 28, 14, 10, 7, 28, 20, 6, 25, 18, 22, 10, 10, 23, 20, 3, 7, 23, 2, 21, 20, 1, 23, 11, 29, 5, 1, 31, 27, 20, 0]",True,2000,0.25,4096
43,1,18.0,4002,5.0530564000000595,"[22.0, 10.0, 29.0, 16.0, 3.0, 10.0, 7.0, 20.0, 3.0, 5.0, 24.0, 26.0, 15.0, 4.0, 18.0, 15.0, 21.0, 6.0, 27.0, 30.0, 1.0, 5.0, 31.0, 31.0, 28.0, 0.0, 8.0, 12.0, 29.0, 22.0, 13.0, 2.0]",True,2000,0.25,4096
44,2,16.0,6004,8.157838899998751,"[16.0, 14.0, 1.0, 8.0, 18.0, 26.0, 15.0, 6.0, 28.0, 31.0, 17.0, 13.0, 4.0, 24.0, 5.0, 13.0, 13.0, 25.0, 8.0, 20.0, 0.0, 22.0, 3.0, 10.0, 3.0, 7.0, 20.0, 1.0, 23.0, 4.0, 5.0, 29.0]",True,2000,0.25,4096
45,4,16.0,10006,14.536244499999157,"[16.0, 14.0, 1.0, 8.0, 18.0, 26.0, 15.0, 6.0, 28.0, 31.0, 17.0, 13.0, 4.0, 24.0, 5.0, 13.0, 13.0, 25.0, 8.0, 20.0, 0.0, 22.0, 3.0, 10.0, 3.0, 7.0, 20.0, 1.0, 23.0, 4.0, 5.0, 29.0]",True,2000,0.25,4096
46,8,16.0,18010,27.02155749999656,"[16.0, 14.0, 1.0, 8.0, 18.0, 26.0, 15.0, 6.0, 28.0, 31.0, 17.0, 13.0, 4.0, 24.0, 5.0, 13.0, 13.0, 25.0, 8.0, 20.0, 0.0, 22.0, 3.0, 10.0, 3.0, 7.0, 20.0, 1.0, 23.0, 4.0, 5.0, 29.0]",True,2000,0.25,4096
47,16,10.0,34021,52.298326299998735,"[13.0, 5.0, 30.0, 12.0, 22.0, 25.0, 12.0, 16.0, 2.0, 0.0, 1.0, 17.0, 29.0, 1.0, 24.0, 14.0, 3.0, 20.0, 11.0, 16.0, 31.0, 28.0, 18.0, 21.0, 28.0, 8.0, 27.0, 7.0, 17.0, 10.0, 6.0, 23.0]",True,2000,0.25,4096
48,32,8.0,66039,132.86618949999684,"[6.0, 4.0, 23.0, 18.0, 14.0, 17.0, 11.0, 2.0, 0.0, 5.0, 26.0, 12.0, 1.0, 30.0, 27.0, 12.0, 21.0, 16.0, 25.0, 19.0, 7.0, 9.0, 31.0, 3.0, 6.0, 10.0, 28.0, 8.0, 22.0, 13.0, 28.0, 24.0]",True,2000,0.25,4096
49,64,8.0,130071,353.5497599999944,"[6.0, 4.0, 23.0, 18.0, 14.0, 17.0, 11.0, 2.0, 0.0, 5.0, 26.0, 12.0, 1.0, 30.0, 27.0, 12.0, 21.0, 16.0, 25.0, 19.0, 7.0, 9.0, 31.0, 3.0, 6.0, 10.0, 28.0, 8.0, 22.0, 13.0, 28.0, 24.0]",True,2000,0.25,4096
50,128,8.0,258135,790.0567593000014,"[6.0, 4.0, 23.0, 18.0, 14.0, 17.0, 11.0, 2.0, 0.0, 5.0, 26.0, 12.0, 1.0, 30.0, 27.0, 12.0, 21.0, 16.0, 25.0, 19.0, 7.0, 9.0, 31.0, 3.0, 6.0, 10.0, 28.0, 8.0, 22.0, 13.0, 28.0, 24.0]",True,2000,0.25,4096
51,256,8.0,442227,1422.8096091999978,"[6.0, 4.0, 23.0, 18.0, 14.0, 17.0, 11.0, 2.0, 0.0, 5.0, 26.0, 12.0, 1.0, 30.0, 27.0, 12.0, 21.0, 16.0, 25.0, 19.0, 7.0, 9.0, 31.0, 3.0, 6.0, 10.0, 28.0, 8.0, 22.0, 13.0, 28.0, 24.0]",True,2000,0.25,4096
52,512,8.0,442227,1422.8096091999978,"[6.0, 4.0, 23.0, 18.0, 14.0, 17.0, 11.0, 2.0, 0.0, 5.0, 26.0, 12.0, 1.0, 30.0, 27.0, 12.0, 21.0, 16.0, 25.0, 19.0, 7.0, 9.0, 31.0, 3.0, 6.0, 10.0, 28.0, 8.0, 22.0, 13.0, 28.0, 24.0]",True,2000,0.25,4096
53,1024,8.0,442227,1422.8096091999978,"[6.0, 4.0, 23.0, 18.0, 14.0, 17.0, 11.0, 2.0, 0.0, 5.0, 26.0, 12.0, 1.0, 30.0, 27.0, 12.0, 21.0, 16.0, 25.0, 19.0, 7.0, 9.0, 31.0, 3.0, 6.0, 10.0, 28.0, 8.0, 22.0, 13.0, 28.0, 24.0]",True,2000,0.25,4096
54,2048,8.0,442227,1422.8096091999978,"[6.0, 4.0, 23.0, 18.0, 14.0, 17.0, 11.0, 2.0, 0.0, 5.0, 26.0, 12.0, 1.0, 30.0, 27.0, 12.0, 21.0, 16.0, 25.0, 19.0, 7.0, 9.0, 31.0, 3.0, 6.0, 10.0, 28.0, 8.0, 22.0, 13.0, 28.0, 24.0]",True,2000,0.25,4096
55,4096,8.0,442227,1422.8096091999978,"[6.0, 4.0, 23.0, 18.0, 14.0, 17.0, 11.0, 2.0, 0.0, 5.0, 26.0, 12.0, 1.0, 30.0, 27.0, 12.0, 21.0, 16.0, 25.0, 19.0, 7.0, 9.0, 31.0, 3.0, 6.0, 10.0, 28.0, 8.0, 22.0, 13.0, 28.0, 24.0]",True,2000,0.25,4096
56,0,29.0,2000,1.897289799999271,"[6, 19, 28, 14, 10, 7, 28, 20, 6, 25, 18, 22, 10, 10, 23, 20, 3, 7, 23, 2, 21, 20, 1, 23, 11, 29, 5, 1, 31, 27, 20, 0]",True,2000,0.5,4096
57,1,17.0,4002,6.787938200002827,"[21.0, 31.0, 30.0, 28.0, 29.0, 21.0, 13.0, 6.0, 20.0, 27.0, 13.0, 30.0, 25.0, 1.0, 3.0, 22.0, 4.0, 27.0, 27.0, 24.0, 15.0, 7.0, 0.0, 4.0, 0.0, 27.0, 16.0, 19.0, 21.0, 10.0, 17.0, 2.0]",True,2000,0.5,4096
58,2,17.0,6003,11.342761300002167,"[21.0, 31.0, 30.0, 28.0, 29.0, 21.0, 13.0, 6.0, 20.0, 27.0, 13.0, 30.0, 25.0, 1.0, 3.0, 22.0, 4.0, 27.0, 27.0, 24.0, 15.0, 7.0, 0.0, 4.0, 0.0, 27.0, 16.0, 19.0, 21.0, 10.0, 17.0, 2.0]",True,2000,0.5,4096
59,4,17.0,10005,20.9898119999998,"[21.0, 31.0, 30.0, 28.0, 29.0, 21.0, 13.0, 6.0, 20.0, 27.0, 13.0, 30.0, 25.0, 1.0, 3.0, 22.0, 4.0, 27.0, 27.0, 24.0, 15.0, 7.0, 0.0, 4.0, 0.0, 27.0, 16.0, 19.0, 21.0, 10.0, 17.0, 2.0]",True,2000,0.5,4096
60,8,17.0,18009,39.76107290000073,"[21.0, 31.0, 30.0, 28.0, 29.0, 21.0, 13.0, 6.0, 20.0, 27.0, 13.0, 30.0, 25.0, 1.0, 3.0, 22.0, 4.0, 27.0, 27.0, 24.0, 15.0, 7.0, 0.0, 4.0, 0.0, 27.0, 16.0, 19.0, 21.0, 10.0, 17.0, 2.0]",True,2000,0.5,4096
61,16,14.0,34019,75.31360480000149,"[15.0, 23.0, 30.0, 28.0, 16.0, 0.0, 5.0, 10.0, 0.0, 13.0, 6.0, 31.0, 7.0, 0.0, 0.0, 25.0, 24.0, 22.0, 31.0, 18.0, 21.0, 27.0, 11.0, 5.0, 29.0, 3.0, 9.0, 2.0, 28.0, 1.0, 28.0, 22.0]",True,2000,0.5,4096
62,32,8.0,66040,153.8582411000025,"[19.0, 24.0, 13.0, 2.0, 16.0, 26.0, 8.0, 4.0, 30.0, 9.0, 25.0, 29.0, 21.0, 3.0, 5.0, 28.0, 20.0, 24.0, 7.0, 11.0, 27.0, 1.0, 10.0, 31.0, 0.0, 30.0, 3.0, 1.0, 6.0, 23.0, 14.0, 26.0]",True,2000,0.5,4096
63,64,6.0,130074,364.90520720000495,"[17.0, 24.0, 13.0, 2.0, 16.0, 26.0, 8.0, 4.0, 30.0, 9.0, 25.0, 29.0, 21.0, 3.0, 5.0, 28.0, 20.0, 20.0, 7.0, 11.0, 27.0, 1.0, 10.0, 31.0, 0.0, 30.0, 3.0, 1.0, 6.0, 23.0, 14.0, 26.0]",True,2000,0.5,4096
64,128,6.0,258138,802.5795751000041,"[17.0, 24.0, 13.0, 2.0, 16.0, 26.0, 8.0, 4.0, 30.0, 9.0, 25.0, 29.0, 21.0, 3.0, 5.0, 28.0, 20.0, 20.0, 7.0, 11.0, 27.0, 1.0, 10.0, 31.0, 0.0, 30.0, 3.0, 1.0, 6.0, 23.0, 14.0, 26.0]",True,2000,0.5,4096
65,256,6.0,474246,1533.5627357000049,"[17.0, 24.0, 13.0, 2.0, 16.0, 26.0, 8.0, 4.0, 30.0, 9.0, 25.0, 29.0, 21.0, 3.0, 5.0, 28.0, 20.0, 20.0, 7.0, 11.0, 27.0, 1.0, 10.0, 31.0, 0.0, 30.0, 3.0, 1.0, 6.0, 23.0, 14.0, 26.0]",True,2000,0.5,4096
66,512,6.0,474246,1533.5627357000049,"[17.0, 24.0, 13.0, 2.0, 16.0, 26.0, 8.0, 4.0, 30.0, 9.0, 25.0, 29.0, 21.0, 3.0, 5.0, 28.0, 20.0, 20.0, 7.0, 11.0, 27.0, 1.0, 10.0, 31.0, 0.0, 30.0, 3.0, 1.0, 6.0, 23.0, 14.0, 26.0]",True,2000,0.5,4096
67,1024,6.0,474246,1533.5627357000049,"[17.0, 24.0, 13.0, 2.0, 16.0, 26.0, 8.0, 4.0, 30.0, 9.0, 25.0, 29.0, 21.0, 3.0, 5.0, 28.0, 20.0, 20.0, 7.0, 11.0, 27.0, 1.0, 10.0, 31.0, 0.0, 30.0, 3.0, 1.0, 6.0, 23.0, 14.0, 26.0]",True,2000,0.5,4096
68,2048,6.0,474246,1533.5627357000049,"[17.0, 24.0, 13.0, 2.0, 16.0, 26.0, 8.0, 4.0, 30.0, 9.0, 25.0, 29.0, 21.0, 3.0, 5.0, 28.0, 20.0, 20.0, 7.0, 11.0, 27.0, 1.0, 10.0, 31.0, 0.0, 30.0, 3.0, 1.0, 6.0, 23.0, 14.0, 26.0]",True,2000,0.5,4096
69,4096,6.0,474246,1533.5627357000049,"[17.0, 24.0, 13.0, 2.0, 16.0, 26.0, 8.0, 4.0, 30.0, 9.0, 25.0, 29.0, 21.0, 3.0, 5.0, 28.0, 20.0, 20.0, 7.0, 11.0, 27.0, 1.0, 10.0, 31.0, 0.0, 30.0, 3.0, 1.0, 6.0, 23.0, 14.0, 26.0]",True,2000,0.5,4096
70,0,29.0,2000,1.9615120999951614,"[6, 19, 28, 14, 10, 7, 28, 20, 6, 25, 18, 22, 10, 10, 23, 20, 3, 7, 23, 2, 21, 20, 1, 23, 11, 29, 5, 1, 31, 27, 20, 0]",True,2000,0.75,4096
71,1,18.0,4002,7.557716999996046,"[0.0, 22.0, 10.0, 16.0, 8.0, 10.0, 12.0, 17.0, 0.0, 17.0, 6.0, 27.0, 2.0, 19.0, 25.0, 30.0, 26.0, 0.0, 21.0, 1.0, 29.0, 23.0, 24.0, 7.0, 9.0, 19.0, 5.0, 14.0, 9.0, 24.0, 25.0, 12.0]",True,2000,0.75,4096
72,2,18.0,6003,13.215143699999317,"[0.0, 22.0, 10.0, 16.0, 8.0, 10.0, 12.0, 17.0, 0.0, 17.0, 6.0, 27.0, 2.0, 19.0, 25.0, 30.0, 26.0, 0.0, 21.0, 1.0, 29.0, 23.0, 24.0, 7.0, 9.0, 19.0, 5.0, 14.0, 9.0, 24.0, 25.0, 12.0]",True,2000,0.75,4096
73,4,16.0,10007,24.345406199994613,"[8.0, 13.0, 20.0, 17.0, 6.0, 1.0, 31.0, 31.0, 4.0, 28.0, 9.0, 18.0, 3.0, 29.0, 2.0, 20.0, 31.0, 6.0, 13.0, 16.0, 10.0, 27.0, 6.0, 1.0, 9.0, 26.0, 19.0, 25.0, 21.0, 4.0, 13.0, 25.0]",True,2000,0.75,4096
74,8,16.0,18011,46.76233649999631,"[8.0, 13.0, 20.0, 17.0, 6.0, 1.0, 31.0, 31.0, 4.0, 28.0, 9.0, 18.0, 3.0, 29.0, 2.0, 20.0, 31.0, 6.0, 13.0, 16.0, 10.0, 27.0, 6.0, 1.0, 9.0, 26.0, 19.0, 25.0, 21.0, 4.0, 13.0, 25.0]",True,2000,0.75,4096
75,16,16.0,34019,91.99946279999858,"[8.0, 13.0, 20.0, 17.0, 6.0, 1.0, 31.0, 31.0, 4.0, 28.0, 9.0, 18.0, 3.0, 29.0, 2.0, 20.0, 31.0, 6.0, 13.0, 16.0, 10.0, 27.0, 6.0, 1.0, 9.0, 26.0, 19.0, 25.0, 21.0, 4.0, 13.0, 25.0]",True,2000,0.75,4096
76,32,13.0,66037,183.3634560999999,"[23.0, 19.0, 29.0, 31.0, 30.0, 1.0, 5.0, 23.0, 9.0, 13.0, 18.0, 18.0, 25.0, 28.0, 18.0, 0.0, 23.0, 16.0, 27.0, 24.0, 15.0, 10.0, 4.0, 13.0, 0.0, 2.0, 20.0, 27.0, 12.0, 20.0, 8.0, 17.0]",True,2000,0.75,4096
77,64,11.0,130071,370.0494034000003,"[22.0, 2.0, 7.0, 3.0, 0.0, 23.0, 26.0, 1.0, 25.0, 22.0, 25.0, 30.0, 0.0, 12.0, 22.0, 22.0, 13.0, 31.0, 29.0, 23.0, 4.0, 8.0, 27.0, 15.0, 28.0, 20.0, 24.0, 5.0, 18.0, 10.0, 21.0, 14.0]",True,2000,0.75,4096
78,128,11.0,258135,798.1965517999997,"[22.0, 2.0, 7.0, 3.0, 0.0, 23.0, 26.0, 1.0, 25.0, 22.0, 25.0, 30.0, 0.0, 12.0, 22.0, 22.0, 13.0, 31.0, 29.0, 23.0, 4.0, 8.0, 27.0, 15.0, 28.0, 20.0, 24.0, 5.0, 18.0, 10.0, 21.0, 14.0]",True,2000,0.75,4096
79,256,11.0,504258,1593.5798137999955,"[22.0, 2.0, 7.0, 3.0, 0.0, 23.0, 26.0, 1.0, 25.0, 22.0, 25.0, 30.0, 0.0, 12.0, 22.0, 22.0, 13.0, 31.0, 29.0, 23.0, 4.0, 8.0, 27.0, 15.0, 28.0, 20.0, 24.0, 5.0, 18.0, 10.0, 21.0, 14.0]",True,2000,0.75,4096
80,512,11.0,504258,1593.5798137999955,"[22.0, 2.0, 7.0, 3.0, 0.0, 23.0, 26.0, 1.0, 25.0, 22.0, 25.0, 30.0, 0.0, 12.0, 22.0, 22.0, 13.0, 31.0, 29.0, 23.0, 4.0, 8.0, 27.0, 15.0, 28.0, 20.0, 24.0, 5.0, 18.0, 10.0, 21.0, 14.0]",True,2000,0.75,4096
81,1024,11.0,504258,1593.5798137999955,"[22.0, 2.0, 7.0, 3.0, 0.0, 23.0, 26.0, 1.0, 25.0, 22.0, 25.0, 30.0, 0.0, 12.0, 22.0, 22.0, 13.0, 31.0, 29.0, 23.0, 4.0, 8.0, 27.0, 15.0, 28.0, 20.0, 24.0, 5.0, 18.0, 10.0, 21.0, 14.0]",True,2000,0.75,4096
82,2048,11.0,504258,1593.5798137999955,"[22.0, 2.0, 7.0, 3.0, 0.0, 23.0, 26.0, 1.0, 25.0, 22.0, 25.0, 30.0, 0.0, 12.0, 22.0, 22.0, 13.0, 31.0, 29.0, 23.0, 4.0, 8.0, 27.0, 15.0, 28.0, 20.0, 24.0, 5.0, 18.0, 10.0, 21.0, 14.0]",True,2000,0.75,4096
83,4096,11.0,504258,1593.5798137999955,"[22.0, 2.0, 7.0, 3.0, 0.0, 23.0, 26.0, 1.0, 25.0, 22.0, 25.0, 30.0, 0.0, 12.0, 22.0, 22.0, 13.0, 31.0, 29.0, 23.0, 4.0, 8.0, 27.0, 15.0, 28.0, 20.0, 24.0, 5.0, 18.0, 10.0, 21.0, 14.0]",True,2000,0.75,4096
84,0,29.0,3000,2.2927027999976417,"[6, 19, 28, 14, 10, 7, 28, 20, 6, 25, 18, 22, 10, 10, 23, 20, 3, 7, 23, 2, 21, 20, 1, 23, 11, 29, 5, 1, 31, 27, 20, 0]",True,3000,0.25,4096
85,1,16.0,6002,5.8536305000016,"[0.0, 2.0, 22.0, 30.0, 13.0, 15.0, 24.0, 0.0, 30.0, 7.0, 30.0, 7.0, 3.0, 29.0, 26.0, 19.0, 11.0, 31.0, 4.0, 6.0, 28.0, 10.0, 21.0, 29.0, 29.0, 21.0, 27.0, 5.0, 16.0, 1.0, 6.0, 6.0]",True,3000,0.25,4096
86,2,16.0,9003,9.59131139999954,"[0.0, 2.0, 22.0, 30.0, 13.0, 15.0, 24.0, 0.0, 30.0, 7.0, 30.0, 7.0, 3.0, 29.0, 26.0, 19.0, 11.0, 31.0, 4.0, 6.0, 28.0, 10.0, 21.0, 29.0, 29.0, 21.0, 27.0, 5.0, 16.0, 1.0, 6.0, 6.0]",True,3000,0.25,4096
87,4,15.0,15006,17.206673100001353,"[13.0, 20.0, 10.0, 3.0, 0.0, 11.0, 5.0, 10.0, 15.0, 27.0, 12.0, 28.0, 2.0, 17.0, 29.0, 9.0, 26.0, 5.0, 1.0, 8.0, 21.0, 14.0, 6.0, 17.0, 7.0, 11.0, 4.0, 25.0, 13.0, 21.0, 17.0, 27.0]",True,3000,0.25,4096
88,8,15.0,27010,32.38709569999628,"[13.0, 20.0, 10.0, 3.0, 0.0, 11.0, 5.0, 10.0, 15.0, 27.0, 12.0, 28.0, 2.0, 17.0, 29.0, 9.0, 26.0, 5.0, 1.0, 8.0, 21.0, 14.0, 6.0, 17.0, 7.0, 11.0, 4.0, 25.0, 13.0, 21.0, 17.0, 27.0]",True,3000,0.25,4096
89,16,13.0,51019,62.326102699997136,"[22.0, 2.0, 13.0, 18.0, 12.0, 19.0, 1.0, 10.0, 2.0, 8.0, 27.0, 31.0, 26.0, 30.0, 23.0, 25.0, 28.0, 5.0, 11.0, 1.0, 9.0, 6.0, 17.0, 3.0, 21.0, 0.0, 9.0, 17.0, 5.0, 7.0, 4.0, 15.0]",True,3000,0.25,4096
90,32,9.0,99039,145.90118860000075,"[5.0, 17.0, 9.0, 23.0, 21.0, 29.0, 24.0, 26.0, 1.0, 31.0, 13.0, 2.0, 0.0, 9.0, 0.0, 28.0, 30.0, 10.0, 3.0, 11.0, 0.0, 16.0, 19.0, 6.0, 8.0, 25.0, 25.0, 4.0, 27.0, 18.0, 22.0, 12.0]",True,3000,0.25,4096
91,64,9.0,195071,404.9586962999965,"[5.0, 17.0, 9.0, 23.0, 21.0, 29.0, 24.0, 26.0, 1.0, 31.0, 13.0, 2.0, 0.0, 9.0, 0.0, 28.0, 30.0, 10.0, 3.0, 11.0, 0.0, 16.0, 19.0, 6.0, 8.0, 25.0, 25.0, 4.0, 27.0, 18.0, 22.0, 12.0]",True,3000,0.25,4096
92,128,9.0,387135,924.3470383000022,"[5.0, 17.0, 9.0, 23.0, 21.0, 29.0, 24.0, 26.0, 1.0, 31.0, 13.0, 2.0, 0.0, 9.0, 0.0, 28.0, 30.0, 10.0, 3.0, 11.0, 0.0, 16.0, 19.0, 6.0, 8.0, 25.0, 25.0, 4.0, 27.0, 18.0, 22.0, 12.0]",True,3000,0.25,4096
93,256,9.0,678232,1712.1030939999982,"[5.0, 17.0, 9.0, 23.0, 21.0, 29.0, 24.0, 26.0, 1.0, 31.0, 13.0, 2.0, 0.0, 9.0, 0.0, 28.0, 30.0, 10.0, 3.0, 11.0, 0.0, 16.0, 19.0, 6.0, 8.0, 25.0, 25.0, 4.0, 27.0, 18.0, 22.0, 12.0]",True,3000,0.25,4096
94,512,9.0,678232,1712.1030939999982,"[5.0, 17.0, 9.0, 23.0, 21.0, 29.0, 24.0, 26.0, 1.0, 31.0, 13.0, 2.0, 0.0, 9.0, 0.0, 28.0, 30.0, 10.0, 3.0, 11.0, 0.0, 16.0, 19.0, 6.0, 8.0, 25.0, 25.0, 4.0, 27.0, 18.0, 22.0, 12.0]",True,3000,0.25,4096
95,1024,9.0,678232,1712.1030939999982,"[5.0, 17.0, 9.0, 23.0, 21.0, 29.0, 24.0, 26.0, 1.0, 31.0, 13.0, 2.0, 0.0, 9.0, 0.0, 28.0, 30.0, 10.0, 3.0, 11.0, 0.0, 16.0, 19.0, 6.0, 8.0, 25.0, 25.0, 4.0, 27.0, 18.0, 22.0, 12.0]",True,3000,0.25,4096
96,2048,9.0,678232,1712.1030939999982,"[5.0, 17.0, 9.0, 23.0, 21.0, 29.0, 24.0, 26.0, 1.0, 31.0, 13.0, 2.0, 0.0, 9.0, 0.0, 28.0, 30.0, 10.0, 3.0, 11.0, 0.0, 16.0, 19.0, 6.0, 8.0, 25.0, 25.0, 4.0, 27.0, 18.0, 22.0, 12.0]",True,3000,0.25,4096
97,4096,9.0,678232,1712.1030939999982,"[5.0, 17.0, 9.0, 23.0, 21.0, 29.0, 24.0, 26.0, 1.0, 31.0, 13.0, 2.0, 0.0, 9.0, 0.0, 28.0, 30.0, 10.0, 3.0, 11.0, 0.0, 16.0, 19.0, 6.0, 8.0, 25.0, 25.0, 4.0, 27.0, 18.0, 22.0, 12.0]",True,3000,0.25,4096
98,0,29.0,3000,2.2648697000040556,"[6, 19, 28, 14, 10, 7, 28, 20, 6, 25, 18, 22, 10, 10, 23, 20, 3, 7, 23, 2, 21, 20, 1, 23, 11, 29, 5, 1, 31, 27, 20, 0]",True,3000,0.5,4096
99,1,17.0,6002,7.417729000000691,"[22.0, 26.0, 7.0, 8.0, 15.0, 5.0, 26.0, 10.0, 20.0, 11.0, 5.0, 24.0, 1.0, 29.0, 15.0, 23.0, 27.0, 0.0, 30.0, 18.0, 24.0, 28.0, 31.0, 22.0, 3.0, 16.0, 20.0, 25.0, 19.0, 29.0, 6.0, 25.0]",True,3000,0.5,4096
100,2,17.0,9003,12.810627799997746,"[22.0, 26.0, 7.0, 8.0, 15.0, 5.0, 26.0, 10.0, 20.0, 11.0, 5.0, 24.0, 1.0, 29.0, 15.0, 23.0, 27.0, 0.0, 30.0, 18.0, 24.0, 28.0, 31.0, 22.0, 3.0, 16.0, 20.0, 25.0, 19.0, 29.0, 6.0, 25.0]",True,3000,0.5,4096
101,4,17.0,15005,23.949830800003838,"[22.0, 26.0, 7.0, 8.0, 15.0, 5.0, 26.0, 10.0, 20.0, 11.0, 5.0, 24.0, 1.0, 29.0, 15.0, 23.0, 27.0, 0.0, 30.0, 18.0, 24.0, 28.0, 31.0, 22.0, 3.0, 16.0, 20.0, 25.0, 19.0, 29.0, 6.0, 25.0]",True,3000,0.5,4096
102,8,16.0,27010,45.797675900001195,"[14.0, 9.0, 28.0, 26.0, 29.0, 13.0, 19.0, 7.0, 24.0, 30.0, 27.0, 2.0, 12.0, 5.0, 10.0, 4.0, 15.0, 20.0, 29.0, 21.0, 1.0, 25.0, 1.0, 3.0, 29.0, 31.0, 8.0, 29.0, 17.0, 23.0, 28.0, 10.0]",True,3000,0.5,4096
103,16,14.0,51019,88.78082759999961,"[8.0, 0.0, 18.0, 9.0, 17.0, 28.0, 21.0, 2.0, 15.0, 8.0, 30.0, 5.0, 10.0, 26.0, 31.0, 19.0, 3.0, 9.0, 7.0, 29.0, 16.0, 0.0, 31.0, 26.0, 6.0, 3.0, 12.0, 2.0, 0.0, 13.0, 30.0, 21.0]",True,3000,0.5,4096
104,32,12.0,99037,178.0326062000022,"[25.0, 18.0, 22.0, 5.0, 31.0, 13.0, 3.0, 21.0, 3.0, 14.0, 23.0, 30.0, 1.0, 31.0, 18.0, 16.0, 26.0, 0.0, 2.0, 11.0, 27.0, 24.0, 29.0, 1.0, 28.0, 4.0, 30.0, 9.0, 15.0, 29.0, 23.0, 7.0]",True,3000,0.5,4096
105,64,7.0,195074,401.08459109999967,"[25.0, 18.0, 22.0, 5.0, 31.0, 13.0, 3.0, 21.0, 3.0, 8.0, 23.0, 30.0, 1.0, 31.0, 18.0, 16.0, 26.0, 0.0, 2.0, 11.0, 27.0, 24.0, 27.0, 0.0, 2.0, 4.0, 20.0, 9.0, 15.0, 29.0, 10.0, 7.0]",True,3000,0.5,4096
106,128,7.0,387138,921.229439200004,"[25.0, 18.0, 22.0, 5.0, 31.0, 13.0, 3.0, 21.0, 3.0, 8.0, 23.0, 30.0, 1.0, 31.0, 18.0, 16.0, 26.0, 0.0, 2.0, 11.0, 27.0, 24.0, 27.0, 0.0, 2.0, 4.0, 20.0, 9.0, 15.0, 29.0, 10.0, 7.0]",True,3000,0.5,4096
107,256,7.0,738255,1870.1562611000045,"[25.0, 18.0, 22.0, 5.0, 31.0, 13.0, 3.0, 21.0, 3.0, 8.0, 23.0, 30.0, 1.0, 31.0, 18.0, 16.0, 26.0, 0.0, 2.0, 11.0, 27.0, 24.0, 27.0, 0.0, 2.0, 4.0, 20.0, 9.0, 15.0, 29.0, 10.0, 7.0]",True,3000,0.5,4096
108,512,7.0,738255,1870.1562611000045,"[25.0, 18.0, 22.0, 5.0, 31.0, 13.0, 3.0, 21.0, 3.0, 8.0, 23.0, 30.0, 1.0, 31.0, 18.0, 16.0, 26.0, 0.0, 2.0, 11.0, 27.0, 24.0, 27.0, 0.0, 2.0, 4.0, 20.0, 9.0, 15.0, 29.0, 10.0, 7.0]",True,3000,0.5,4096
109,1024,7.0,738255,1870.1562611000045,"[25.0, 18.0, 22.0, 5.0, 31.0, 13.0, 3.0, 21.0, 3.0, 8.0, 23.0, 30.0, 1.0, 31.0, 18.0, 16.0, 26.0, 0.0, 2.0, 11.0, 27.0, 24.0, 27.0, 0.0, 2.0, 4.0, 20.0, 9.0, 15.0, 29.0, 10.0, 7.0]",True,3000,0.5,4096
110,2048,7.0,738255,1870.1562611000045,"[25.0, 18.0, 22.0, 5.0, 31.0, 13.0, 3.0, 21.0, 3.0, 8.0, 23.0, 30.0, 1.0, 31.0, 18.0, 16.0, 26.0, 0.0, 2.0, 11.0, 27.0, 24.0, 27.0, 0.0, 2.0, 4.0, 20.0, 9.0, 15.0, 29.0, 10.0, 7.0]",True,3000,0.5,4096
111,4096,7.0,738255,1870.1562611000045,"[25.0, 18.0, 22.0, 5.0, 31.0, 13.0, 3.0, 21.0, 3.0, 8.0, 23.0, 30.0, 1.0, 31.0, 18.0, 16.0, 26.0, 0.0, 2.0, 11.0, 27.0, 24.0, 27.0, 0.0, 2.0, 4.0, 20.0, 9.0, 15.0, 29.0, 10.0, 7.0]",True,3000,0.5,4096
112,0,29.0,3000,2.2690808000043035,"[6, 19, 28, 14, 10, 7, 28, 20, 6, 25, 18, 22, 10, 10, 23, 20, 3, 7, 23, 2, 21, 20, 1, 23, 11, 29, 5, 1, 31, 27, 20, 0]",True,3000,0.75,4096
113,1,18.0,6002,9.215564099999028,"[1.0, 6.0, 12.0, 13.0, 6.0, 23.0, 14.0, 4.0, 11.0, 29.0, 14.0, 28.0, 3.0, 6.0, 31.0, 7.0, 21.0, 4.0, 17.0, 7.0, 2.0, 19.0, 1.0, 13.0, 8.0, 29.0, 25.0, 27.0, 13.0, 5.0, 26.0, 9.0]",True,3000,0.75,4096
114,2,16.0,9004,16.147725300004822,"[0.0, 3.0, 9.0, 7.0, 23.0, 30.0, 28.0, 8.0, 16.0, 14.0, 13.0, 10.0, 26.0, 1.0, 19.0, 27.0, 14.0, 30.0, 24.0, 12.0, 0.0, 0.0, 25.0, 6.0, 15.0, 4.0, 18.0, 9.0, 17.0, 1.0, 20.0, 21.0]",True,3000,0.75,4096
115,4,16.0,15006,29.90950330000487,"[0.0, 3.0, 9.0, 7.0, 23.0, 30.0, 28.0, 8.0, 16.0, 14.0, 13.0, 10.0, 26.0, 1.0, 19.0, 27.0, 14.0, 30.0, 24.0, 12.0, 0.0, 0.0, 25.0, 6.0, 15.0, 4.0, 18.0, 9.0, 17.0, 1.0, 20.0, 21.0]",True,3000,0.75,4096
116,8,15.0,27011,57.360804500000086,"[10.0, 24.0, 4.0, 18.0, 9.0, 13.0, 27.0, 15.0, 17.0, 0.0, 26.0, 12.0, 26.0, 17.0, 25.0, 28.0, 1.0, 11.0, 19.0, 1.0, 11.0, 21.0, 7.0, 4.0, 11.0, 3.0, 30.0, 14.0, 20.0, 22.0, 16.0, 14.0]",True,3000,0.75,4096
117,16,15.0,51019,112.37152740000602,"[10.0, 24.0, 4.0, 18.0, 9.0, 13.0, 27.0, 15.0, 17.0, 0.0, 26.0, 12.0, 26.0, 17.0, 25.0, 28.0, 1.0, 11.0, 19.0, 1.0, 11.0, 21.0, 7.0, 4.0, 11.0, 3.0, 30.0, 14.0, 20.0, 22.0, 16.0, 14.0]",True,3000,0.75,4096
118,32,13.0,99036,223.26856290000433,"[1.0, 16.0, 22.0, 4.0, 14.0, 17.0, 9.0, 6.0, 6.0, 30.0, 21.0, 8.0, 26.0, 3.0, 27.0, 10.0, 7.0, 24.0, 24.0, 28.0, 16.0, 11.0, 5.0, 2.0, 29.0, 29.0, 19.0, 15.0, 5.0, 17.0, 13.0, 20.0]",True,3000,0.75,4096
119,64,10.0,195071,444.062408400001,"[9.0, 14.0, 18.0, 24.0, 19.0, 17.0, 11.0, 18.0, 31.0, 10.0, 30.0, 8.0, 31.0, 31.0, 22.0, 27.0, 20.0, 28.0, 14.0, 5.0, 15.0, 0.0, 4.0, 29.0, 26.0, 6.0, 3.0, 21.0, 2.0, 28.0, 23.0, 3.0]",True,3000,0.75,4096
120,128,9.0,387136,935.1207764999999,"[15.0, 6.0, 18.0, 24.0, 1.0, 17.0, 11.0, 16.0, 21.0, 26.0, 8.0, 2.0, 31.0, 31.0, 22.0, 27.0, 7.0, 28.0, 14.0, 5.0, 12.0, 0.0, 4.0, 29.0, 26.0, 13.0, 13.0, 30.0, 2.0, 19.0, 23.0, 3.0]",True,3000,0.75,4096
121,256,9.0,771264,1975.0563017999957,"[15.0, 6.0, 18.0, 24.0, 1.0, 17.0, 11.0, 16.0, 21.0, 26.0, 8.0, 2.0, 31.0, 31.0, 22.0, 27.0, 7.0, 28.0, 14.0, 5.0, 12.0, 0.0, 4.0, 29.0, 26.0, 13.0, 13.0, 30.0, 2.0, 19.0, 23.0, 3.0]",True,3000,0.75,4096
122,512,9.0,828283,2131.4211144,"[15.0, 6.0, 18.0, 24.0, 1.0, 17.0, 11.0, 16.0, 21.0, 26.0, 8.0, 2.0, 31.0, 31.0, 22.0, 27.0, 7.0, 28.0, 14.0, 5.0, 12.0, 0.0, 4.0, 29.0, 26.0, 13.0, 13.0, 30.0, 2.0, 19.0, 23.0, 3.0]",True,3000,0.75,4096
123,1024,9.0,828283,2131.4211144,"[15.0, 6.0, 18.0, 24.0, 1.0, 17.0, 11.0, 16.0, 21.0, 26.0, 8.0, 2.0, 31.0, 31.0, 22.0, 27.0, 7.0, 28.0, 14.0, 5.0, 12.0, 0.0, 4.0, 29.0, 26.0, 13.0, 13.0, 30.0, 2.0, 19.0, 23.0, 3.0]",True,3000,0.75,4096
124,2048,9.0,828283,2131.4211144,"[15.0, 6.0, 18.0, 24.0, 1.0, 17.0, 11.0, 16.0, 21.0, 26.0, 8.0, 2.0, 31.0, 31.0, 22.0, 27.0, 7.0, 28.0, 14.0, 5.0, 12.0, 0.0, 4.0, 29.0, 26.0, 13.0, 13.0, 30.0, 2.0, 19.0, 23.0, 3.0]",True,3000,0.75,4096
125,4096,9.0,828283,2131.4211144,"[15.0, 6.0, 18.0, 24.0, 1.0, 17.0, 11.0, 16.0, 21.0, 26.0, 8.0, 2.0, 31.0, 31.0, 22.0, 27.0, 7.0, 28.0, 14.0, 5.0, 12.0, 0.0, 4.0, 29.0, 26.0, 13.0, 13.0, 30.0, 2.0, 19.0, 23.0, 3.0]",True,3000,0.75,4096
126,0,29.0,4000,3.1556243999948492,"[6, 19, 28, 14, 10, 7, 28, 20, 6, 25, 18, 22, 10, 10, 23, 20, 3, 7, 23, 2, 21, 20, 1, 23, 11, 29, 5, 1, 31, 27, 20, 0]",True,4000,0.25,4096
127,1,17.0,8002,7.912063199997647,"[9.0, 16.0, 0.0, 20.0, 26.0, 17.0, 11.0, 21.0, 4.0, 6.0, 25.0, 5.0, 20.0, 5.0, 7.0, 20.0, 27.0, 14.0, 22.0, 29.0, 27.0, 31.0, 12.0, 18.0, 31.0, 24.0, 7.0, 9.0, 3.0, 30.0, 16.0, 14.0]",True,4000,0.25,4096
128,2,17.0,12003,13.195862099993974,"[9.0, 16.0, 0.0, 20.0, 26.0, 17.0, 11.0, 21.0, 4.0, 6.0, 25.0, 5.0, 20.0, 5.0, 7.0, 20.0, 27.0, 14.0, 22.0, 29.0, 27.0, 31.0, 12.0, 18.0, 31.0, 24.0, 7.0, 9.0, 3.0, 30.0, 16.0, 14.0]",True,4000,0.25,4096
129,4,16.0,20006,24.108118399992236,"[29.0, 28.0, 28.0, 13.0, 16.0, 6.0, 31.0, 7.0, 23.0, 30.0, 6.0, 14.0, 28.0, 9.0, 3.0, 0.0, 8.0, 0.0, 17.0, 17.0, 26.0, 12.0, 1.0, 18.0, 1.0, 7.0, 2.0, 25.0, 22.0, 26.0, 10.0, 19.0]",True,4000,0.25,4096
130,8,16.0,36010,46.21175129999756,"[29.0, 28.0, 28.0, 13.0, 16.0, 6.0, 31.0, 7.0, 23.0, 30.0, 6.0, 14.0, 28.0, 9.0, 3.0, 0.0, 8.0, 0.0, 17.0, 17.0, 26.0, 12.0, 1.0, 18.0, 1.0, 7.0, 2.0, 25.0, 22.0, 26.0, 10.0, 19.0]",True,4000,0.25,4096
131,16,13.0,68020,89.64811509998981,"[28.0, 28.0, 24.0, 11.0, 3.0, 12.0, 31.0, 20.0, 13.0, 15.0, 22.0, 5.0, 29.0, 23.0, 30.0, 0.0, 9.0, 21.0, 16.0, 0.0, 12.0, 25.0, 4.0, 26.0, 21.0, 6.0, 9.0, 26.0, 30.0, 13.0, 17.0, 2.0]",True,4000,0.25,4096
132,32,6.0,132040,184.57090829999652,"[20.0, 4.0, 10.0, 3.0, 22.0, 6.0, 13.0, 17.0, 23.0, 5.0, 26.0, 19.0, 31.0, 0.0, 8.0, 1.0, 7.0, 10.0, 15.0, 21.0, 25.0, 25.0, 7.0, 18.0, 30.0, 24.0, 2.0, 5.0, 11.0, 9.0, 12.0, 27.0]",True,4000,0.25,4096
133,64,6.0,260072,529.8228231999965,"[20.0, 4.0, 10.0, 3.0, 22.0, 6.0, 13.0, 17.0, 23.0, 5.0, 26.0, 19.0, 31.0, 0.0, 8.0, 1.0, 7.0, 10.0, 15.0, 21.0, 25.0, 25.0, 7.0, 18.0, 30.0, 24.0, 2.0, 5.0, 11.0, 9.0, 12.0, 27.0]",True,4000,0.25,4096
134,128,6.0,516136,1221.8633384999994,"[20.0, 4.0, 10.0, 3.0, 22.0, 6.0, 13.0, 17.0, 23.0, 5.0, 26.0, 19.0, 31.0, 0.0, 8.0, 1.0, 7.0, 10.0, 15.0, 21.0, 25.0, 25.0, 7.0, 18.0, 30.0, 24.0, 2.0, 5.0, 11.0, 9.0, 12.0, 27.0]",True,4000,0.25,4096
135,256,6.0,912235,2287.123103299993,"[20.0, 4.0, 10.0, 3.0, 22.0, 6.0, 13.0, 17.0, 23.0, 5.0, 26.0, 19.0, 31.0, 0.0, 8.0, 1.0, 7.0, 10.0, 15.0, 21.0, 25.0, 25.0, 7.0, 18.0, 30.0, 24.0, 2.0, 5.0, 11.0, 9.0, 12.0, 27.0]",True,4000,0.25,4096
136,512,6.0,912235,2287.123103299993,"[20.0, 4.0, 10.0, 3.0, 22.0, 6.0, 13.0, 17.0, 23.0, 5.0, 26.0, 19.0, 31.0, 0.0, 8.0, 1.0, 7.0, 10.0, 15.0, 21.0, 25.0, 25.0, 7.0, 18.0, 30.0, 24.0, 2.0, 5.0, 11.0, 9.0, 12.0, 27.0]",True,4000,0.25,4096
137,1024,6.0,912235,2287.123103299993,"[20.0, 4.0, 10.0, 3.0, 22.0, 6.0, 13.0, 17.0, 23.0, 5.0, 26.0, 19.0, 31.0, 0.0, 8.0, 1.0, 7.0, 10.0, 15.0, 21.0, 25.0, 25.0, 7.0, 18.0, 30.0, 24.0, 2.0, 5.0, 11.0, 9.0, 12.0, 27.0]",True,4000,0.25,4096
138,2048,6.0,912235,2287.123103299993,"[20.0, 4.0, 10.0, 3.0, 22.0, 6.0, 13.0, 17.0, 23.0, 5.0, 26.0, 19.0, 31.0, 0.0, 8.0, 1.0, 7.0, 10.0, 15.0, 21.0, 25.0, 25.0, 7.0, 18.0, 30.0, 24.0, 2.0, 5.0, 11.0, 9.0, 12.0, 27.0]",True,4000,0.25,4096
139,4096,6.0,912235,2287.123103299993,"[20.0, 4.0, 10.0, 3.0, 22.0, 6.0, 13.0, 17.0, 23.0, 5.0, 26.0, 19.0, 31.0, 0.0, 8.0, 1.0, 7.0, 10.0, 15.0, 21.0, 25.0, 25.0, 7.0, 18.0, 30.0, 24.0, 2.0, 5.0, 11.0, 9.0, 12.0, 27.0]",True,4000,0.25,4096
140,0,29.0,4000,3.0201243000046816,"[6, 19, 28, 14, 10, 7, 28, 20, 6, 25, 18, 22, 10, 10, 23, 20, 3, 7, 23, 2, 21, 20, 1, 23, 11, 29, 5, 1, 31, 27, 20, 0]",True,4000,0.5,4096
141,1,19.0,8002,10.472437100004754,"[30.0, 28.0, 2.0, 9.0, 3.0, 5.0, 29.0, 15.0, 10.0, 21.0, 11.0, 0.0, 27.0, 13.0, 4.0, 6.0, 27.0, 7.0, 23.0, 29.0, 12.0, 30.0, 14.0, 16.0, 17.0, 6.0, 24.0, 30.0, 14.0, 25.0, 26.0, 15.0]",True,4000,0.5,4096
142,2,17.0,12004,18.014246199993067,"[15.0, 6.0, 3.0, 10.0, 30.0, 7.0, 2.0, 23.0, 14.0, 1.0, 14.0, 8.0, 5.0, 13.0, 23.0, 17.0, 25.0, 12.0, 8.0, 22.0, 7.0, 15.0, 20.0, 30.0, 9.0, 31.0, 31.0, 23.0, 12.0, 18.0, 16.0, 0.0]",True,4000,0.5,4096
143,4,16.0,20007,32.534344200001215,"[26.0, 11.0, 6.0, 17.0, 25.0, 0.0, 22.0, 8.0, 15.0, 27.0, 31.0, 16.0, 10.0, 9.0, 30.0, 3.0, 5.0, 29.0, 18.0, 13.0, 0.0, 7.0, 31.0, 24.0, 1.0, 12.0, 4.0, 16.0, 21.0, 17.0, 0.0, 2.0]",True,4000,0.5,4096
144,8,15.0,36012,61.34835200000089,"[31.0, 3.0, 10.0, 7.0, 17.0, 1.0, 29.0, 0.0, 20.0, 16.0, 28.0, 30.0, 6.0, 21.0, 0.0, 31.0, 24.0, 2.0, 21.0, 11.0, 4.0, 27.0, 12.0, 3.0, 26.0, 22.0, 15.0, 18.0, 1.0, 27.0, 30.0, 22.0]",True,4000,0.5,4096
145,16,13.0,68021,118.91362870000012,"[5.0, 29.0, 26.0, 22.0, 30.0, 22.0, 9.0, 13.0, 28.0, 23.0, 31.0, 0.0, 0.0, 6.0, 10.0, 25.0, 17.0, 7.0, 20.0, 26.0, 3.0, 28.0, 6.0, 27.0, 19.0, 21.0, 18.0, 24.0, 16.0, 6.0, 1.0, 17.0]",True,4000,0.5,4096
146,32,13.0,132037,236.3996216999949,"[5.0, 29.0, 26.0, 22.0, 30.0, 22.0, 9.0, 13.0, 28.0, 23.0, 31.0, 0.0, 0.0, 6.0, 10.0, 25.0, 17.0, 7.0, 20.0, 26.0, 3.0, 28.0, 6.0, 27.0, 19.0, 21.0, 18.0, 24.0, 16.0, 6.0, 1.0, 17.0]",True,4000,0.5,4096
147,64,6.0,260076,503.4028018999961,"[29.0, 7.0, 11.0, 2.0, 14.0, 10.0, 1.0, 27.0, 31.0, 23.0, 0.0, 9.0, 31.0, 24.0, 2.0, 19.0, 28.0, 25.0, 3.0, 5.0, 21.0, 15.0, 13.0, 2.0, 4.0, 8.0, 26.0, 30.0, 12.0, 18.0, 23.0, 20.0]",True,4000,0.5,4096
148,128,6.0,516140,1190.1009259999992,"[29.0, 7.0, 11.0, 2.0, 14.0, 10.0, 1.0, 27.0, 31.0, 23.0, 0.0, 9.0, 31.0, 24.0, 2.0, 19.0, 28.0, 25.0, 3.0, 5.0, 21.0, 15.0, 13.0, 2.0, 4.0, 8.0, 26.0, 30.0, 12.0, 18.0, 23.0, 20.0]",True,4000,0.5,4096
149,256,6.0,1028268,2563.8716445000027,"[29.0, 7.0, 11.0, 2.0, 14.0, 10.0, 1.0, 27.0, 31.0, 23.0, 0.0, 9.0, 31.0, 24.0, 2.0, 19.0, 28.0, 25.0, 3.0, 5.0, 21.0, 15.0, 13.0, 2.0, 4.0, 8.0, 26.0, 30.0, 12.0, 18.0, 23.0, 20.0]",True,4000,0.5,4096
150,512,6.0,1060276,2650.206194700004,"[29.0, 7.0, 11.0, 2.0, 14.0, 10.0, 1.0, 27.0, 31.0, 23.0, 0.0, 9.0, 31.0, 24.0, 2.0, 19.0, 28.0, 25.0, 3.0, 5.0, 21.0, 15.0, 13.0, 2.0, 4.0, 8.0, 26.0, 30.0, 12.0, 18.0, 23.0, 20.0]",True,4000,0.5,4096
151,1024,6.0,1060276,2650.206194700004,"[29.0, 7.0, 11.0, 2.0, 14.0, 10.0, 1.0, 27.0, 31.0, 23.0, 0.0, 9.0, 31.0, 24.0, 2.0, 19.0, 28.0, 25.0, 3.0, 5.0, 21.0, 15.0, 13.0, 2.0, 4.0, 8.0, 26.0, 30.0, 12.0, 18.0, 23.0, 20.0]",True,4000,0.5,4096
152,2048,6.0,1060276,2650.206194700004,"[29.0, 7.0, 11.0, 2.0, 14.0, 10.0, 1.0, 27.0, 31.0, 23.0, 0.0, 9.0, 31.0, 24.0, 2.0, 19.0, 28.0, 25.0, 3.0, 5.0, 21.0, 15.0, 13.0, 2.0, 4.0, 8.0, 26.0, 30.0, 12.0, 18.0, 23.0, 20.0]",True,4000,0.5,4096
153,4096,6.0,1060276,2650.206194700004,"[29.0, 7.0, 11.0, 2.0, 14.0, 10.0, 1.0, 27.0, 31.0, 23.0, 0.0, 9.0, 31.0, 24.0, 2.0, 19.0, 28.0, 25.0, 3.0, 5.0, 21.0, 15.0, 13.0, 2.0, 4.0, 8.0, 26.0, 30.0, 12.0, 18.0, 23.0, 20.0]",True,4000,0.5,4096
154,0,29.0,4000,2.992748400007258,"[6, 19, 28, 14, 10, 7, 28, 20, 6, 25, 18, 22, 10, 10, 23, 20, 3, 7, 23, 2, 21, 20, 1, 23, 11, 29, 5, 1, 31, 27, 20, 0]",True,4000,0.75,4096
155,1,18.0,8002,12.13642890000483,"[19.0, 28.0, 26.0, 2.0, 20.0, 18.0, 14.0, 12.0, 2.0, 26.0, 24.0, 22.0, 31.0, 9.0, 7.0, 13.0, 5.0, 0.0, 3.0, 29.0, 30.0, 27.0, 23.0, 15.0, 23.0, 28.0, 29.0, 13.0, 3.0, 17.0, 12.0, 1.0]",True,4000,0.75,4096
156,2,17.0,12004,21.44537850000779,"[15.0, 25.0, 23.0, 9.0, 17.0, 6.0, 18.0, 3.0, 16.0, 8.0, 30.0, 28.0, 7.0, 29.0, 24.0, 0.0, 6.0, 24.0, 3.0, 19.0, 12.0, 9.0, 2.0, 5.0, 13.0, 27.0, 18.0, 31.0, 14.0, 0.0, 5.0, 20.0]",True,4000,0.75,4096
157,4,16.0,20007,39.163062100007664,"[12.0, 2.0, 15.0, 10.0, 30.0, 21.0, 29.0, 7.0, 0.0, 19.0, 22.0, 14.0, 18.0, 7.0, 10.0, 26.0, 4.0, 20.0, 13.0, 24.0, 13.0, 29.0, 11.0, 30.0, 5.0, 0.0, 22.0, 9.0, 8.0, 28.0, 16.0, 3.0]",True,4000,0.75,4096
158,8,16.0,36011,76.24427819999983,"[12.0, 2.0, 15.0, 10.0, 30.0, 21.0, 29.0, 7.0, 0.0, 19.0, 22.0, 14.0, 18.0, 7.0, 10.0, 26.0, 4.0, 20.0, 13.0, 24.0, 13.0, 29.0, 11.0, 30.0, 5.0, 0.0, 22.0, 9.0, 8.0, 28.0, 16.0, 3.0]",True,4000,0.75,4096
159,16,15.0,68020,148.75769939999736,"[21.0, 27.0, 29.0, 7.0, 16.0, 2.0, 13.0, 15.0, 10.0, 3.0, 6.0, 18.0, 2.0, 2.0, 12.0, 1.0, 18.0, 0.0, 29.0, 25.0, 19.0, 0.0, 28.0, 18.0, 27.0, 30.0, 7.0, 14.0, 4.0, 17.0, 30.0, 9.0]",True,4000,0.75,4096
160,32,14.0,132037,291.9237304999988,"[17.0, 18.0, 28.0, 15.0, 31.0, 1.0, 19.0, 16.0, 10.0, 23.0, 16.0, 15.0, 31.0, 2.0, 22.0, 26.0, 24.0, 14.0, 29.0, 9.0, 0.0, 31.0, 27.0, 21.0, 27.0, 25.0, 13.0, 21.0, 11.0, 28.0, 4.0, 2.0]",True,4000,0.75,4096
161,64,10.0,260072,581.9955711000075,"[30.0, 15.0, 25.0, 11.0, 22.0, 31.0, 23.0, 16.0, 0.0, 4.0, 7.0, 24.0, 19.0, 12.0, 1.0, 26.0, 30.0, 2.0, 0.0, 28.0, 18.0, 1.0, 10.0, 25.0, 18.0, 29.0, 14.0, 6.0, 31.0, 20.0, 30.0, 3.0]",True,4000,0.75,4096
162,128,6.0,516139,1224.5685074000066,"[30.0, 15.0, 25.0, 11.0, 22.0, 31.0, 23.0, 16.0, 0.0, 4.0, 7.0, 24.0, 19.0, 12.0, 1.0, 26.0, 5.0, 2.0, 0.0, 28.0, 18.0, 1.0, 10.0, 25.0, 18.0, 29.0, 27.0, 6.0, 9.0, 20.0, 30.0, 3.0]",True,4000,0.75,4096
163,256,6.0,1028267,2596.8297364000027,"[30.0, 15.0, 25.0, 11.0, 22.0, 31.0, 23.0, 16.0, 0.0, 4.0, 7.0, 24.0, 19.0, 12.0, 1.0, 26.0, 5.0, 2.0, 0.0, 28.0, 18.0, 1.0, 10.0, 25.0, 18.0, 29.0, 27.0, 6.0, 9.0, 20.0, 30.0, 3.0]",True,4000,0.75,4096
164,512,6.0,1164301,2961.4058367000107,"[30.0, 15.0, 25.0, 11.0, 22.0, 31.0, 23.0, 16.0, 0.0, 4.0, 7.0, 24.0, 19.0, 12.0, 1.0, 26.0, 5.0, 2.0, 0.0, 28.0, 18.0, 1.0, 10.0, 25.0, 18.0, 29.0, 27.0, 6.0, 9.0, 20.0, 30.0, 3.0]",True,4000,0.75,4096
165,1024,6.0,1164301,2961.4058367000107,"[30.0, 15.0, 25.0, 11.0, 22.0, 31.0, 23.0, 16.0, 0.0, 4.0, 7.0, 24.0, 19.0, 12.0, 1.0, 26.0, 5.0, 2.0, 0.0, 28.0, 18.0, 1.0, 10.0, 25.0, 18.0, 29.0, 27.0, 6.0, 9.0, 20.0, 30.0, 3.0]",True,4000,0.75,4096
166,2048,6.0,1164301,2961.4058367000107,"[30.0, 15.0, 25.0, 11.0, 22.0, 31.0, 23.0, 16.0, 0.0, 4.0, 7.0, 24.0, 19.0, 12.0, 1.0, 26.0, 5.0, 2.0, 0.0, 28.0, 18.0, 1.0, 10.0, 25.0, 18.0, 29.0, 27.0, 6.0, 9.0, 20.0, 30.0, 3.0]",True,4000,0.75,4096
167,4096,6.0,1164301,2961.4058367000107,"[30.0, 15.0, 25.0, 11.0, 22.0, 31.0, 23.0, 16.0, 0.0, 4.0, 7.0, 24.0, 19.0, 12.0, 1.0, 26.0, 5.0, 2.0, 0.0, 28.0, 18.0, 1.0, 10.0, 25.0, 18.0, 29.0, 27.0, 6.0, 9.0, 20.0, 30.0, 3.0]",True,4000,0.75,4096
168,0,29.0,5000,3.6909528999967733,"[6, 19, 28, 14, 10, 7, 28, 20, 6, 25, 18, 22, 10, 10, 23, 20, 3, 7, 23, 2, 21, 20, 1, 23, 11, 29, 5, 1, 31, 27, 20, 0]",True,5000,0.25,4096
169,1,17.0,10002,9.866251800005557,"[14.0, 26.0, 23.0, 25.0, 9.0, 19.0, 2.0, 8.0, 8.0, 3.0, 13.0, 13.0, 3.0, 5.0, 20.0, 4.0, 14.0, 19.0, 15.0, 30.0, 2.0, 0.0, 12.0, 6.0, 31.0, 18.0, 12.0, 7.0, 19.0, 10.0, 1.0, 30.0]",True,5000,0.25,4096
170,2,15.0,15004,16.46367199999804,"[9.0, 7.0, 20.0, 20.0, 27.0, 30.0, 18.0, 8.0, 29.0, 2.0, 30.0, 10.0, 25.0, 3.0, 4.0, 4.0, 23.0, 17.0, 0.0, 13.0, 12.0, 5.0, 2.0, 11.0, 6.0, 24.0, 31.0, 21.0, 23.0, 16.0, 22.0, 28.0]",True,5000,0.25,4096
171,4,15.0,25006,29.294712200004142,"[9.0, 7.0, 20.0, 20.0, 27.0, 30.0, 18.0, 8.0, 29.0, 2.0, 30.0, 10.0, 25.0, 3.0, 4.0, 4.0, 23.0, 17.0, 0.0, 13.0, 12.0, 5.0, 2.0, 11.0, 6.0, 24.0, 31.0, 21.0, 23.0, 16.0, 22.0, 28.0]",True,5000,0.25,4096
172,8,15.0,45010,55.759842200001,"[9.0, 7.0, 20.0, 20.0, 27.0, 30.0, 18.0, 8.0, 29.0, 2.0, 30.0, 10.0, 25.0, 3.0, 4.0, 4.0, 23.0, 17.0, 0.0, 13.0, 12.0, 5.0, 2.0, 11.0, 6.0, 24.0, 31.0, 21.0, 23.0, 16.0, 22.0, 28.0]",True,5000,0.25,4096
173,16,14.0,85019,107.50511359999655,"[10.0, 6.0, 13.0, 0.0, 5.0, 18.0, 5.0, 9.0, 24.0, 21.0, 29.0, 14.0, 5.0, 25.0, 31.0, 2.0, 26.0, 23.0, 18.0, 8.0, 27.0, 30.0, 5.0, 11.0, 23.0, 19.0, 22.0, 11.0, 3.0, 0.0, 20.0, 12.0]",True,5000,0.25,4096
174,32,6.0,165041,218.07144129999506,"[16.0, 25.0, 13.0, 6.0, 29.0, 12.0, 27.0, 21.0, 24.0, 1.0, 28.0, 23.0, 27.0, 8.0, 0.0, 20.0, 4.0, 26.0, 26.0, 18.0, 30.0, 2.0, 7.0, 24.0, 21.0, 15.0, 22.0, 9.0, 3.0, 31.0, 19.0, 10.0]",True,5000,0.25,4096
175,64,5.0,325074,631.7717851000052,"[16.0, 25.0, 13.0, 6.0, 29.0, 12.0, 0.0, 21.0, 0.0, 22.0, 28.0, 23.0, 27.0, 11.0, 7.0, 20.0, 4.0, 26.0, 26.0, 18.0, 30.0, 1.0, 7.0, 24.0, 8.0, 15.0, 30.0, 9.0, 3.0, 31.0, 19.0, 10.0]",True,5000,0.25,4096
176,128,5.0,645138,1489.893788100002,"[16.0, 25.0, 13.0, 6.0, 29.0, 12.0, 0.0, 21.0, 0.0, 22.0, 28.0, 23.0, 27.0, 11.0, 7.0, 20.0, 4.0, 26.0, 26.0, 18.0, 30.0, 1.0, 7.0, 24.0, 8.0, 15.0, 30.0, 9.0, 3.0, 31.0, 19.0, 10.0]",True,5000,0.25,4096
177,256,5.0,1175244,2906.2322440999997,"[16.0, 25.0, 13.0, 6.0, 29.0, 12.0, 0.0, 21.0, 0.0, 22.0, 28.0, 23.0, 27.0, 11.0, 7.0, 20.0, 4.0, 26.0, 26.0, 18.0, 30.0, 1.0, 7.0, 24.0, 8.0, 15.0, 30.0, 9.0, 3.0, 31.0, 19.0, 10.0]",True,5000,0.25,4096
178,512,5.0,1175244,2906.2322440999997,"[16.0, 25.0, 13.0, 6.0, 29.0, 12.0, 0.0, 21.0, 0.0, 22.0, 28.0, 23.0, 27.0, 11.0, 7.0, 20.0, 4.0, 26.0, 26.0, 18.0, 30.0, 1.0, 7.0, 24.0, 8.0, 15.0, 30.0, 9.0, 3.0, 31.0, 19.0, 10.0]",True,5000,0.25,4096
179,1024,5.0,1175244,2906.2322440999997,"[16.0, 25.0, 13.0, 6.0, 29.0, 12.0, 0.0, 21.0, 0.0, 22.0, 28.0, 23.0, 27.0, 11.0, 7.0, 20.0, 4.0, 26.0, 26.0, 18.0, 30.0, 1.0, 7.0, 24.0, 8.0, 15.0, 30.0, 9.0, 3.0, 31.0, 19.0, 10.0]",True,5000,0.25,4096
180,2048,5.0,1175244,2906.2322440999997,"[16.0, 25.0, 13.0, 6.0, 29.0, 12.0, 0.0, 21.0, 0.0, 22.0, 28.0, 23.0, 27.0, 11.0, 7.0, 20.0, 4.0, 26.0, 26.0, 18.0, 30.0, 1.0, 7.0, 24.0, 8.0, 15.0, 30.0, 9.0, 3.0, 31.0, 19.0, 10.0]",True,5000,0.25,4096
181,4096,5.0,1175244,2906.2322440999997,"[16.0, 25.0, 13.0, 6.0, 29.0, 12.0, 0.0, 21.0, 0.0, 22.0, 28.0, 23.0, 27.0, 11.0, 7.0, 20.0, 4.0, 26.0, 26.0, 18.0, 30.0, 1.0, 7.0, 24.0, 8.0, 15.0, 30.0, 9.0, 3.0, 31.0, 19.0, 10.0]",True,5000,0.25,4096
182,0,29.0,5000,3.909814300001017,"[6, 19, 28, 14, 10, 7, 28, 20, 6, 25, 18, 22, 10, 10, 23, 20, 3, 7, 23, 2, 21, 20, 1, 23, 11, 29, 5, 1, 31, 27, 20, 0]",True,5000,0.5,4096
183,1,16.0,10002,13.362008299998706,"[17.0, 6.0, 30.0, 12.0, 1.0, 20.0, 22.0, 14.0, 14.0, 30.0, 4.0, 31.0, 15.0, 5.0, 26.0, 18.0, 3.0, 3.0, 8.0, 29.0, 18.0, 14.0, 21.0, 1.0, 28.0, 18.0, 9.0, 27.0, 13.0, 4.0, 2.0, 6.0]",True,5000,0.5,4096
184,2,16.0,15003,22.332101300009526,"[17.0, 6.0, 30.0, 12.0, 1.0, 20.0, 22.0, 14.0, 14.0, 30.0, 4.0, 31.0, 15.0, 5.0, 26.0, 18.0, 3.0, 3.0, 8.0, 29.0, 18.0, 14.0, 21.0, 1.0, 28.0, 18.0, 9.0, 27.0, 13.0, 4.0, 2.0, 6.0]",True,5000,0.5,4096
185,4,16.0,25005,41.001680700006546,"[17.0, 6.0, 30.0, 12.0, 1.0, 20.0, 22.0, 14.0, 14.0, 30.0, 4.0, 31.0, 15.0, 5.0, 26.0, 18.0, 3.0, 3.0, 8.0, 29.0, 18.0, 14.0, 21.0, 1.0, 28.0, 18.0, 9.0, 27.0, 13.0, 4.0, 2.0, 6.0]",True,5000,0.5,4096
186,8,15.0,45010,77.5992685000092,"[29.0, 27.0, 17.0, 10.0, 6.0, 25.0, 6.0, 28.0, 24.0, 9.0, 26.0, 14.0, 5.0, 31.0, 2.0, 8.0, 21.0, 30.0, 30.0, 1.0, 31.0, 0.0, 20.0, 26.0, 19.0, 17.0, 30.0, 13.0, 10.0, 30.0, 27.0, 15.0]",True,5000,0.5,4096
187,16,13.0,85020,150.89824560000852,"[7.0, 20.0, 20.0, 3.0, 6.0, 27.0, 22.0, 2.0, 9.0, 30.0, 1.0, 26.0, 18.0, 18.0, 15.0, 8.0, 29.0, 25.0, 30.0, 2.0, 16.0, 24.0, 31.0, 27.0, 10.0, 17.0, 0.0, 22.0, 30.0, 23.0, 11.0, 28.0]",True,5000,0.5,4096
188,32,13.0,165036,294.83949860000575,"[7.0, 20.0, 20.0, 3.0, 6.0, 27.0, 22.0, 2.0, 9.0, 30.0, 1.0, 26.0, 18.0, 18.0, 15.0, 8.0, 29.0, 25.0, 30.0, 2.0, 16.0, 24.0, 31.0, 27.0, 10.0, 17.0, 0.0, 22.0, 30.0, 23.0, 11.0, 28.0]",True,5000,0.5,4096
189,64,7.0,325074,618.7959268999984,"[14.0, 18.0, 8.0, 23.0, 20.0, 15.0, 17.0, 28.0, 30.0, 6.0, 5.0, 29.0, 25.0, 31.0, 2.0, 24.0, 1.0, 1.0, 4.0, 27.0, 25.0, 0.0, 12.0, 27.0, 1.0, 3.0, 7.0, 21.0, 19.0, 22.0, 13.0, 18.0]",True,5000,0.5,4096
190,128,7.0,645138,1475.2730967000098,"[14.0, 18.0, 8.0, 23.0, 20.0, 15.0, 17.0, 28.0, 30.0, 6.0, 5.0, 29.0, 25.0, 31.0, 2.0, 24.0, 1.0, 1.0, 4.0, 27.0, 25.0, 0.0, 12.0, 27.0, 1.0, 3.0, 7.0, 21.0, 19.0, 22.0, 13.0, 18.0]",True,5000,0.5,4096
191,256,7.0,1275264,3163.5003373000072,"[14.0, 18.0, 8.0, 23.0, 20.0, 15.0, 17.0, 28.0, 30.0, 6.0, 5.0, 29.0, 25.0, 31.0, 2.0, 24.0, 1.0, 1.0, 4.0, 27.0, 25.0, 0.0, 12.0, 27.0, 1.0, 3.0, 7.0, 21.0, 19.0, 22.0, 13.0, 18.0]",True,5000,0.5,4096
192,512,7.0,1275264,3163.5003373000072,"[14.0, 18.0, 8.0, 23.0, 20.0, 15.0, 17.0, 28.0, 30.0, 6.0, 5.0, 29.0, 25.0, 31.0, 2.0, 24.0, 1.0, 1.0, 4.0, 27.0, 25.0, 0.0, 12.0, 27.0, 1.0, 3.0, 7.0, 21.0, 19.0, 22.0, 13.0, 18.0]",True,5000,0.5,4096
193,1024,7.0,1275264,3163.5003373000072,"[14.0, 18.0, 8.0, 23.0, 20.0, 15.0, 17.0, 28.0, 30.0, 6.0, 5.0, 29.0, 25.0, 31.0, 2.0, 24.0, 1.0, 1.0, 4.0, 27.0, 25.0, 0.0, 12.0, 27.0, 1.0, 3.0, 7.0, 21.0, 19.0, 22.0, 13.0, 18.0]",True,5000,0.5,4096
194,2048,7.0,1275264,3163.5003373000072,"[14.0, 18.0, 8.0, 23.0, 20.0, 15.0, 17.0, 28.0, 30.0, 6.0, 5.0, 29.0, 25.0, 31.0, 2.0, 24.0, 1.0, 1.0, 4.0, 27.0, 25.0, 0.0, 12.0, 27.0, 1.0, 3.0, 7.0, 21.0, 19.0, 22.0, 13.0, 18.0]",True,5000,0.5,4096
195,4096,7.0,1275264,3163.5003373000072,"[14.0, 18.0, 8.0, 23.0, 20.0, 15.0, 17.0, 28.0, 30.0, 6.0, 5.0, 29.0, 25.0, 31.0, 2.0, 24.0, 1.0, 1.0, 4.0, 27.0, 25.0, 0.0, 12.0, 27.0, 1.0, 3.0, 7.0, 21.0, 19.0, 22.0, 13.0, 18.0]",True,5000,0.5,4096
196,0,29.0,5000,3.686958300007973,"[6, 19, 28, 14, 10, 7, 28, 20, 6, 25, 18, 22, 10, 10, 23, 20, 3, 7, 23, 2, 21, 20, 1, 23, 11, 29, 5, 1, 31, 27, 20, 0]",True,5000,0.75,4096
197,1,17.0,10002,14.85404410000774,"[17.0, 29.0, 2.0, 29.0, 11.0, 9.0, 30.0, 21.0, 10.0, 25.0, 28.0, 26.0, 7.0, 1.0, 27.0, 6.0, 15.0, 1.0, 12.0, 24.0, 21.0, 21.0, 31.0, 3.0, 16.0, 4.0, 7.0, 6.0, 31.0, 6.0, 17.0, 29.0]",True,5000,0.75,4096
198,2,16.0,15004,26.080363200002466,"[21.0, 19.0, 30.0, 23.0, 14.0, 25.0, 20.0, 0.0, 4.0, 7.0, 10.0, 8.0, 27.0, 7.0, 22.0, 12.0, 18.0, 5.0, 24.0, 10.0, 31.0, 3.0, 16.0, 17.0, 29.0, 29.0, 17.0, 1.0, 3.0, 18.0, 11.0, 2.0]",True,5000,0.75,4096
199,4,16.0,25006,48.21255160000874,"[21.0, 19.0, 30.0, 23.0, 14.0, 25.0, 20.0, 0.0, 4.0, 7.0, 10.0, 8.0, 27.0, 7.0, 22.0, 12.0, 18.0, 5.0, 24.0, 10.0, 31.0, 3.0, 16.0, 17.0, 29.0, 29.0, 17.0, 1.0, 3.0, 18.0, 11.0, 2.0]",True,5000,0.75,4096
200,8,15.0,45011,92.9510411000083,"[24.0, 4.0, 27.0, 13.0, 10.0, 26.0, 22.0, 12.0, 10.0, 16.0, 25.0, 0.0, 25.0, 14.0, 1.0, 2.0, 28.0, 3.0, 16.0, 22.0, 15.0, 0.0, 20.0, 7.0, 23.0, 21.0, 11.0, 12.0, 8.0, 19.0, 19.0, 25.0]",True,5000,0.75,4096
201,16,15.0,85019,182.21013110000058,"[24.0, 4.0, 27.0, 13.0, 10.0, 26.0, 22.0, 12.0, 10.0, 16.0, 25.0, 0.0, 25.0, 14.0, 1.0, 2.0, 28.0, 3.0, 16.0, 22.0, 15.0, 0.0, 20.0, 7.0, 23.0, 21.0, 11.0, 12.0, 8.0, 19.0, 19.0, 25.0]",True,5000,0.75,4096
202,32,15.0,165035,364.6665678999998,"[24.0, 4.0, 27.0, 13.0, 10.0, 26.0, 22.0, 12.0, 10.0, 16.0, 25.0, 0.0, 25.0, 14.0, 1.0, 2.0, 28.0, 3.0, 16.0, 22.0, 15.0, 0.0, 20.0, 7.0, 23.0, 21.0, 11.0, 12.0, 8.0, 19.0, 19.0, 25.0]",True,5000,0.75,4096
203,64,10.0,325071,726.0491431000119,"[6.0, 18.0, 10.0, 15.0, 0.0, 5.0, 26.0, 31.0, 22.0, 31.0, 28.0, 0.0, 16.0, 2.0, 13.0, 30.0, 4.0, 4.0, 29.0, 13.0, 21.0, 30.0, 27.0, 1.0, 19.0, 23.0, 8.0, 12.0, 7.0, 17.0, 20.0, 3.0]",True,5000,0.75,4096
204,128,6.0,645139,1515.8199649000017,"[6.0, 18.0, 4.0, 15.0, 19.0, 26.0, 10.0, 31.0, 1.0, 12.0, 5.0, 11.0, 17.0, 1.0, 3.0, 31.0, 25.0, 28.0, 16.0, 20.0, 0.0, 29.0, 8.0, 2.0, 0.0, 17.0, 22.0, 9.0, 27.0, 23.0, 14.0, 28.0]",True,5000,0.75,4096
205,256,6.0,1285267,3235.3120962000103,"[6.0, 18.0, 4.0, 15.0, 19.0, 26.0, 10.0, 31.0, 1.0, 12.0, 5.0, 11.0, 17.0, 1.0, 3.0, 31.0, 25.0, 28.0, 16.0, 20.0, 0.0, 29.0, 8.0, 2.0, 0.0, 17.0, 22.0, 9.0, 27.0, 23.0, 14.0, 28.0]",True,5000,0.75,4096
206,512,6.0,1455301,3691.975447200006,"[6.0, 18.0, 4.0, 15.0, 19.0, 26.0, 10.0, 31.0, 1.0, 12.0, 5.0, 11.0, 17.0, 1.0, 3.0, 31.0, 25.0, 28.0, 16.0, 20.0, 0.0, 29.0, 8.0, 2.0, 0.0, 17.0, 22.0, 9.0, 27.0, 23.0, 14.0, 28.0]",True,5000,0.75,4096
207,1024,6.0,1455301,3691.975447200006,"[6.0, 18.0, 4.0, 15.0, 19.0, 26.0, 10.0, 31.0, 1.0, 12.0, 5.0, 11.0, 17.0, 1.0, 3.0, 31.0, 25.0, 28.0, 16.0, 20.0, 0.0, 29.0, 8.0, 2.0, 0.0, 17.0, 22.0, 9.0, 27.0, 23.0, 14.0, 28.0]",True,5000,0.75,4096
208,2048,6.0,1455301,3691.975447200006,"[6.0, 18.0, 4.0, 15.0, 19.0, 26.0, 10.0, 31.0, 1.0, 12.0, 5.0, 11.0, 17.0, 1.0, 3.0, 31.0, 25.0, 28.0, 16.0, 20.0, 0.0, 29.0, 8.0, 2.0, 0.0, 17.0, 22.0, 9.0, 27.0, 23.0, 14.0, 28.0]",True,5000,0.75,4096
209,4096,6.0,1455301,3691.975447200006,"[6.0, 18.0, 4.0, 15.0, 19.0, 26.0, 10.0, 31.0, 1.0, 12.0, 5.0, 11.0, 17.0, 1.0, 3.0, 31.0, 25.0, 28.0, 16.0, 20.0, 0.0, 29.0, 8.0, 2.0, 0.0, 17.0, 22.0, 9.0, 27.0, 23.0, 14.0, 28.0]",True,5000,0.75,4096
210,0,29.0,6000,4.5161777999892365,"[6, 19, 28, 14, 10, 7, 28, 20, 6, 25, 18, 22, 10, 10, 23, 20, 3, 7, 23, 2, 21, 20, 1, 23, 11, 29, 5, 1, 31, 27, 20, 0]",True,6000,0.25,4096
211,1,17.0,12002,11.956818199992995,"[14.0, 3.0, 7.0, 22.0, 30.0, 26.0, 14.0, 31.0, 1.0, 8.0, 16.0, 12.0, 6.0, 20.0, 10.0, 17.0, 31.0, 26.0, 9.0, 7.0, 8.0, 4.0, 23.0, 21.0, 13.0, 5.0, 11.0, 0.0, 28.0, 3.0, 22.0, 27.0]",True,6000,0.25,4096
212,2,17.0,18003,19.822801199989044,"[14.0, 3.0, 7.0, 22.0, 30.0, 26.0, 14.0, 31.0, 1.0, 8.0, 16.0, 12.0, 6.0, 20.0, 10.0, 17.0, 31.0, 26.0, 9.0, 7.0, 8.0, 4.0, 23.0, 21.0, 13.0, 5.0, 11.0, 0.0, 28.0, 3.0, 22.0, 27.0]",True,6000,0.25,4096
213,4,15.0,30006,35.200032199994894,"[20.0, 9.0, 13.0, 23.0, 20.0, 6.0, 10.0, 31.0, 21.0, 8.0, 2.0, 25.0, 27.0, 20.0, 11.0, 7.0, 26.0, 1.0, 9.0, 2.0, 28.0, 9.0, 0.0, 29.0, 4.0, 18.0, 8.0, 27.0, 29.0, 3.0, 14.0, 25.0]",True,6000,0.25,4096
214,8,14.0,54011,66.7095563999901,"[17.0, 14.0, 14.0, 9.0, 23.0, 4.0, 13.0, 10.0, 23.0, 5.0, 3.0, 27.0, 30.0, 15.0, 22.0, 12.0, 19.0, 15.0, 2.0, 29.0, 6.0, 8.0, 0.0, 29.0, 31.0, 18.0, 11.0, 6.0, 28.0, 10.0, 21.0, 18.0]",True,6000,0.25,4096
215,16,14.0,102019,131.22903819999192,"[17.0, 14.0, 14.0, 9.0, 23.0, 4.0, 13.0, 10.0, 23.0, 5.0, 3.0, 27.0, 30.0, 15.0, 22.0, 12.0, 19.0, 15.0, 2.0, 29.0, 6.0, 8.0, 0.0, 29.0, 31.0, 18.0, 11.0, 6.0, 28.0, 10.0, 21.0, 18.0]",True,6000,0.25,4096
216,32,7.0,198040,259.8702398000023,"[2.0, 18.0, 20.0, 25.0, 31.0, 28.0, 5.0, 10.0, 16.0, 4.0, 15.0, 26.0, 3.0, 13.0, 0.0, 29.0, 23.0, 1.0, 27.0, 17.0, 31.0, 8.0, 16.0, 7.0, 30.0, 24.0, 6.0, 23.0, 3.0, 12.0, 31.0, 21.0]",True,6000,0.25,4096
217,64,6.0,390073,747.692432900003,"[21.0, 18.0, 20.0, 25.0, 31.0, 28.0, 5.0, 10.0, 0.0, 4.0, 15.0, 26.0, 3.0, 13.0, 2.0, 29.0, 11.0, 1.0, 27.0, 17.0, 22.0, 8.0, 16.0, 30.0, 30.0, 24.0, 6.0, 23.0, 3.0, 12.0, 31.0, 21.0]",True,6000,0.25,4096
218,128,6.0,774137,1767.638784900002,"[21.0, 18.0, 20.0, 25.0, 31.0, 28.0, 5.0, 10.0, 0.0, 4.0, 15.0, 26.0, 3.0, 13.0, 2.0, 29.0, 11.0, 1.0, 27.0, 17.0, 22.0, 8.0, 16.0, 30.0, 30.0, 24.0, 6.0, 23.0, 3.0, 12.0, 31.0, 21.0]",True,6000,0.25,4096
219,256,6.0,1428246,3515.760930999997,"[21.0, 18.0, 20.0, 25.0, 31.0, 28.0, 5.0, 10.0, 0.0, 4.0, 15.0, 26.0, 3.0, 13.0, 2.0, 29.0, 11.0, 1.0, 27.0, 17.0, 22.0, 8.0, 16.0, 30.0, 30.0, 24.0, 6.0, 23.0, 3.0, 12.0, 31.0, 21.0]",True,6000,0.25,4096
220,512,6.0,1428246,3515.760930999997,"[21.0, 18.0, 20.0, 25.0, 31.0, 28.0, 5.0, 10.0, 0.0, 4.0, 15.0, 26.0, 3.0, 13.0, 2.0, 29.0, 11.0, 1.0, 27.0, 17.0, 22.0, 8.0, 16.0, 30.0, 30.0, 24.0, 6.0, 23.0, 3.0, 12.0, 31.0, 21.0]",True,6000,0.25,4096
221,1024,6.0,1428246,3515.760930999997,"[21.0, 18.0, 20.0, 25.0, 31.0, 28.0, 5.0, 10.0, 0.0, 4.0, 15.0, 26.0, 3.0, 13.0, 2.0, 29.0, 11.0, 1.0, 27.0, 17.0, 22.0, 8.0, 16.0, 30.0, 30.0, 24.0, 6.0, 23.0, 3.0, 12.0, 31.0, 21.0]",True,6000,0.25,4096
222,2048,6.0,1428246,3515.760930999997,"[21.0, 18.0, 20.0, 25.0, 31.0, 28.0, 5.0, 10.0, 0.0, 4.0, 15.0, 26.0, 3.0, 13.0, 2.0, 29.0, 11.0, 1.0, 27.0, 17.0, 22.0, 8.0, 16.0, 30.0, 30.0, 24.0, 6.0, 23.0, 3.0, 12.0, 31.0, 21.0]",True,6000,0.25,4096
223,4096,6.0,1428246,3515.760930999997,"[21.0, 18.0, 20.0, 25.0, 31.0, 28.0, 5.0, 10.0, 0.0, 4.0, 15.0, 26.0, 3.0, 13.0, 2.0, 29.0, 11.0, 1.0, 27.0, 17.0, 22.0, 8.0, 16.0, 30.0, 30.0, 24.0, 6.0, 23.0, 3.0, 12.0, 31.0, 21.0]",True,6000,0.25,4096
224,0,29.0,6000,4.394300600004499,"[6, 19, 28, 14, 10, 7, 28, 20, 6, 25, 18, 22, 10, 10, 23, 20, 3, 7, 23, 2, 21, 20, 1, 23, 11, 29, 5, 1, 31, 27, 20, 0]",True,6000,0.5,4096
225,1,17.0,12002,15.650787600010517,"[24.0, 15.0, 18.0, 1.0, 4.0, 18.0, 5.0, 18.0, 16.0, 26.0, 22.0, 15.0, 0.0, 14.0, 4.0, 0.0, 3.0, 30.0, 3.0, 26.0, 2.0, 30.0, 21.0, 7.0, 18.0, 8.0, 3.0, 20.0, 23.0, 31.0, 9.0, 19.0]",True,6000,0.5,4096
226,2,17.0,18003,26.697929300004034,"[24.0, 15.0, 18.0, 1.0, 4.0, 18.0, 5.0, 18.0, 16.0, 26.0, 22.0, 15.0, 0.0, 14.0, 4.0, 0.0, 3.0, 30.0, 3.0, 26.0, 2.0, 30.0, 21.0, 7.0, 18.0, 8.0, 3.0, 20.0, 23.0, 31.0, 9.0, 19.0]",True,6000,0.5,4096
227,4,16.0,30006,49.423818199997186,"[16.0, 27.0, 24.0, 8.0, 2.0, 8.0, 13.0, 26.0, 17.0, 21.0, 28.0, 31.0, 19.0, 19.0, 3.0, 0.0, 29.0, 1.0, 30.0, 1.0, 14.0, 23.0, 9.0, 23.0, 28.0, 10.0, 15.0, 12.0, 22.0, 22.0, 20.0, 22.0]",True,6000,0.5,4096
228,8,15.0,54011,93.87334190000547,"[25.0, 23.0, 16.0, 27.0, 19.0, 3.0, 10.0, 24.0, 21.0, 11.0, 13.0, 2.0, 2.0, 22.0, 0.0, 31.0, 1.0, 1.0, 29.0, 30.0, 15.0, 8.0, 21.0, 31.0, 3.0, 5.0, 18.0, 12.0, 9.0, 17.0, 4.0, 31.0]",True,6000,0.5,4096
229,16,15.0,102019,182.47101380000822,"[25.0, 23.0, 16.0, 27.0, 19.0, 3.0, 10.0, 24.0, 21.0, 11.0, 13.0, 2.0, 2.0, 22.0, 0.0, 31.0, 1.0, 1.0, 29.0, 30.0, 15.0, 8.0, 21.0, 31.0, 3.0, 5.0, 18.0, 12.0, 9.0, 17.0, 4.0, 31.0]",True,6000,0.5,4096
230,32,13.0,198036,372.72320170000603,"[28.0, 15.0, 9.0, 20.0, 28.0, 3.0, 21.0, 2.0, 16.0, 8.0, 29.0, 31.0, 24.0, 1.0, 26.0, 4.0, 19.0, 31.0, 27.0, 22.0, 24.0, 13.0, 0.0, 3.0, 23.0, 5.0, 12.0, 18.0, 25.0, 2.0, 13.0, 24.0]",True,6000,0.5,4096
231,64,6.0,390073,767.5027720000071,"[11.0, 4.0, 15.0, 13.0, 21.0, 1.0, 18.0, 23.0, 6.0, 27.0, 5.0, 26.0, 0.0, 0.0, 7.0, 4.0, 10.0, 29.0, 2.0, 25.0, 2.0, 11.0, 31.0, 0.0, 28.0, 22.0, 17.0, 8.0, 14.0, 12.0, 3.0, 9.0]",True,6000,0.5,4096
232,128,6.0,774137,1816.9617143000069,"[11.0, 4.0, 15.0, 13.0, 21.0, 1.0, 18.0, 23.0, 6.0, 27.0, 5.0, 26.0, 0.0, 0.0, 7.0, 4.0, 10.0, 29.0, 2.0, 25.0, 2.0, 11.0, 31.0, 0.0, 28.0, 22.0, 17.0, 8.0, 14.0, 12.0, 3.0, 9.0]",True,6000,0.5,4096
233,256,6.0,1542265,4193.4722601999965,"[11.0, 4.0, 15.0, 13.0, 21.0, 1.0, 18.0, 23.0, 6.0, 27.0, 5.0, 26.0, 0.0, 0.0, 7.0, 4.0, 10.0, 29.0, 2.0, 25.0, 2.0, 11.0, 31.0, 0.0, 28.0, 22.0, 17.0, 8.0, 14.0, 12.0, 3.0, 9.0]",True,6000,0.5,4096
234,512,6.0,1566269,4271.381777500006,"[11.0, 4.0, 15.0, 13.0, 21.0, 1.0, 18.0, 23.0, 6.0, 27.0, 5.0, 26.0, 0.0, 0.0, 7.0, 4.0, 10.0, 29.0, 2.0, 25.0, 2.0, 11.0, 31.0, 0.0, 28.0, 22.0, 17.0, 8.0, 14.0, 12.0, 3.0, 9.0]",True,6000,0.5,4096
235,1024,6.0,1566269,4271.381777500006,"[11.0, 4.0, 15.0, 13.0, 21.0, 1.0, 18.0, 23.0, 6.0, 27.0, 5.0, 26.0, 0.0, 0.0, 7.0, 4.0, 10.0, 29.0, 2.0, 25.0, 2.0, 11.0, 31.0, 0.0, 28.0, 22.0, 17.0, 8.0, 14.0, 12.0, 3.0, 9.0]",True,6000,0.5,4096
236,2048,6.0,1566269,4271.381777500006,"[11.0, 4.0, 15.0, 13.0, 21.0, 1.0, 18.0, 23.0, 6.0, 27.0, 5.0, 26.0, 0.0, 0.0, 7.0, 4.0, 10.0, 29.0, 2.0, 25.0, 2.0, 11.0, 31.0, 0.0, 28.0, 22.0, 17.0, 8.0, 14.0, 12.0, 3.0, 9.0]",True,6000,0.5,4096
237,4096,6.0,1566269,4271.381777500006,"[11.0, 4.0, 15.0, 13.0, 21.0, 1.0, 18.0, 23.0, 6.0, 27.0, 5.0, 26.0, 0.0, 0.0, 7.0, 4.0, 10.0, 29.0, 2.0, 25.0, 2.0, 11.0, 31.0, 0.0, 28.0, 22.0, 17.0, 8.0, 14.0, 12.0, 3.0, 9.0]",True,6000,0.5,4096
238,0,29.0,6000,5.384796900005313,"[6, 19, 28, 14, 10, 7, 28, 20, 6, 25, 18, 22, 10, 10, 23, 20, 3, 7, 23, 2, 21, 20, 1, 23, 11, 29, 5, 1, 31, 27, 20, 0]",True,6000,0.75,4096
239,1,16.0,12002,22.067981999993208,"[6.0, 31.0, 7.0, 16.0, 17.0, 0.0, 27.0, 1.0, 31.0, 28.0, 25.0, 2.0, 13.0, 2.0, 31.0, 19.0, 4.0, 9.0, 20.0, 22.0, 3.0, 20.0, 22.0, 11.0, 25.0, 23.0, 8.0, 20.0, 15.0, 25.0, 14.0, 21.0]",True,6000,0.75,4096
240,2,16.0,18003,40.33463019999908,"[6.0, 31.0, 7.0, 16.0, 17.0, 0.0, 27.0, 1.0, 31.0, 28.0, 25.0, 2.0, 13.0, 2.0, 31.0, 19.0, 4.0, 9.0, 20.0, 22.0, 3.0, 20.0, 22.0, 11.0, 25.0, 23.0, 8.0, 20.0, 15.0, 25.0, 14.0, 21.0]",True,6000,0.75,4096
241,4,16.0,30005,74.91957739999634,"[6.0, 31.0, 7.0, 16.0, 17.0, 0.0, 27.0, 1.0, 31.0, 28.0, 25.0, 2.0, 13.0, 2.0, 31.0, 19.0, 4.0, 9.0, 20.0, 22.0, 3.0, 20.0, 22.0, 11.0, 25.0, 23.0, 8.0, 20.0, 15.0, 25.0, 14.0, 21.0]",True,6000,0.75,4096
242,8,16.0,54009,139.89912259999255,"[6.0, 31.0, 7.0, 16.0, 17.0, 0.0, 27.0, 1.0, 31.0, 28.0, 25.0, 2.0, 13.0, 2.0, 31.0, 19.0, 4.0, 9.0, 20.0, 22.0, 3.0, 20.0, 22.0, 11.0, 25.0, 23.0, 8.0, 20.0, 15.0, 25.0, 14.0, 21.0]",True,6000,0.75,4096
243,16,16.0,102017,272.19061299999885,"[6.0, 31.0, 7.0, 16.0, 17.0, 0.0, 27.0, 1.0, 31.0, 28.0, 25.0, 2.0, 13.0, 2.0, 31.0, 19.0, 4.0, 9.0, 20.0, 22.0, 3.0, 20.0, 22.0, 11.0, 25.0, 23.0, 8.0, 20.0, 15.0, 25.0, 14.0, 21.0]",True,6000,0.75,4096
244,32,14.0,198035,537.0531803000049,"[16.0, 20.0, 23.0, 23.0, 9.0, 2.0, 28.0, 15.0, 1.0, 18.0, 0.0, 12.0, 29.0, 26.0, 14.0, 30.0, 17.0, 19.0, 28.0, 23.0, 31.0, 3.0, 8.0, 0.0, 19.0, 7.0, 5.0, 22.0, 9.0, 28.0, 8.0, 31.0]",True,6000,0.75,4096
245,64,13.0,390068,1064.815641299996,"[14.0, 3.0, 13.0, 20.0, 9.0, 12.0, 0.0, 27.0, 30.0, 15.0, 8.0, 26.0, 7.0, 29.0, 25.0, 0.0, 31.0, 26.0, 19.0, 28.0, 16.0, 11.0, 23.0, 5.0, 21.0, 6.0, 1.0, 31.0, 12.0, 17.0, 23.0, 2.0]",True,6000,0.75,4096
246,128,7.0,774136,2200.9655606000015,"[2.0, 11.0, 21.0, 5.0, 10.0, 29.0, 27.0, 14.0, 12.0, 8.0, 6.0, 2.0, 7.0, 13.0, 25.0, 0.0, 31.0, 26.0, 19.0, 22.0, 10.0, 29.0, 15.0, 9.0, 18.0, 30.0, 1.0, 9.0, 12.0, 16.0, 28.0, 20.0]",True,6000,0.75,4096
247,256,7.0,1542264,4894.671637199994,"[2.0, 11.0, 21.0, 5.0, 10.0, 29.0, 27.0, 14.0, 12.0, 8.0, 6.0, 2.0, 7.0, 13.0, 25.0, 0.0, 31.0, 26.0, 19.0, 22.0, 10.0, 29.0, 15.0, 9.0, 18.0, 30.0, 1.0, 9.0, 12.0, 16.0, 28.0, 20.0]",True,6000,0.75,4096
248,512,7.0,1806308,5761.030548499999,"[2.0, 11.0, 21.0, 5.0, 10.0, 29.0, 27.0, 14.0, 12.0, 8.0, 6.0, 2.0, 7.0, 13.0, 25.0, 0.0, 31.0, 26.0, 19.0, 22.0, 10.0, 29.0, 15.0, 9.0, 18.0, 30.0, 1.0, 9.0, 12.0, 16.0, 28.0, 20.0]",True,6000,0.75,4096
249,1024,7.0,1806308,5761.030548499999,"[2.0, 11.0, 21.0, 5.0, 10.0, 29.0, 27.0, 14.0, 12.0, 8.0, 6.0, 2.0, 7.0, 13.0, 25.0, 0.0, 31.0, 26.0, 19.0, 22.0, 10.0, 29.0, 15.0, 9.0, 18.0, 30.0, 1.0, 9.0, 12.0, 16.0, 28.0, 20.0]",True,6000,0.75,4096
250,2048,7.0,1806308,5761.030548499999,"[2.0, 11.0, 21.0, 5.0, 10.0, 29.0, 27.0, 14.0, 12.0, 8.0, 6.0, 2.0, 7.0, 13.0, 25.0, 0.0, 31.0, 26.0, 19.0, 22.0, 10.0, 29.0, 15.0, 9.0, 18.0, 30.0, 1.0, 9.0, 12.0, 16.0, 28.0, 20.0]",True,6000,0.75,4096
251,4096,7.0,1806308,5761.030548499999,"[2.0, 11.0, 21.0, 5.0, 10.0, 29.0, 27.0, 14.0, 12.0, 8.0, 6.0, 2.0, 7.0, 13.0, 25.0, 0.0, 31.0, 26.0, 19.0, 22.0, 10.0, 29.0, 15.0, 9.0, 18.0, 30.0, 1.0, 9.0, 12.0, 16.0, 28.0, 20.0]",True,6000,0.75,4096
252,0,29.0,8000,7.385753299997305,"[6, 19, 28, 14, 10, 7, 28, 20, 6, 25, 18, 22, 10, 10, 23, 20, 3, 7, 23, 2, 21, 20, 1, 23, 11, 29, 5, 1, 31, 27, 20, 0]",True,8000,0.25,4096
253,1,17.0,16002,20.92081199999666,"[25.0, 6.0, 11.0, 17.0, 21.0, 14.0, 24.0, 28.0, 23.0, 29.0, 7.0, 15.0, 30.0, 1.0, 22.0, 26.0, 6.0, 2.0, 3.0, 13.0, 15.0, 8.0, 5.0, 16.0, 30.0, 18.0, 30.0, 0.0, 29.0, 15.0, 25.0, 9.0]",True,8000,0.25,4096
254,2,16.0,24004,33.75814299999911,"[17.0, 29.0, 12.0, 18.0, 26.0, 2.0, 21.0, 28.0, 4.0, 23.0, 10.0, 29.0, 28.0, 2.0, 28.0, 22.0, 0.0, 22.0, 29.0, 31.0, 2.0, 20.0, 3.0, 15.0, 2.0, 11.0, 2.0, 15.0, 5.0, 19.0, 13.0, 0.0]",True,8000,0.25,4096
255,4,16.0,40006,59.24366340000415,"[17.0, 29.0, 12.0, 18.0, 26.0, 2.0, 21.0, 28.0, 4.0, 23.0, 10.0, 29.0, 28.0, 2.0, 28.0, 22.0, 0.0, 22.0, 29.0, 31.0, 2.0, 20.0, 3.0, 15.0, 2.0, 11.0, 2.0, 15.0, 5.0, 19.0, 13.0, 0.0]",True,8000,0.25,4096
256,8,15.0,72011,110.7027694999997,"[7.0, 10.0, 26.0, 28.0, 0.0, 24.0, 12.0, 17.0, 24.0, 28.0, 21.0, 19.0, 5.0, 1.0, 31.0, 13.0, 6.0, 25.0, 30.0, 8.0, 20.0, 27.0, 14.0, 9.0, 11.0, 30.0, 25.0, 22.0, 10.0, 30.0, 4.0, 13.0]",True,8000,0.25,4096
257,16,15.0,136019,215.3961632999999,"[7.0, 10.0, 26.0, 28.0, 0.0, 24.0, 12.0, 17.0, 24.0, 28.0, 21.0, 19.0, 5.0, 1.0, 31.0, 13.0, 6.0, 25.0, 30.0, 8.0, 20.0, 27.0, 14.0, 9.0, 11.0, 30.0, 25.0, 22.0, 10.0, 30.0, 4.0, 13.0]",True,8000,0.25,4096
258,32,6.0,264042,424.96064099999785,"[7.0, 9.0, 1.0, 24.0, 30.0, 23.0, 17.0, 29.0, 3.0, 22.0, 16.0, 26.0, 4.0, 4.0, 31.0, 15.0, 2.0, 27.0, 20.0, 31.0, 0.0, 25.0, 19.0, 21.0, 5.0, 13.0, 31.0, 6.0, 11.0, 14.0, 12.0, 28.0]",True,8000,0.25,4096
259,64,5.0,520075,1137.7917274000065,"[7.0, 9.0, 1.0, 24.0, 30.0, 23.0, 26.0, 29.0, 4.0, 22.0, 12.0, 3.0, 28.0, 2.0, 31.0, 15.0, 10.0, 27.0, 0.0, 31.0, 0.0, 27.0, 19.0, 21.0, 5.0, 13.0, 16.0, 6.0, 11.0, 14.0, 17.0, 20.0]",True,8000,0.25,4096
260,128,5.0,1032139,2669.9091431999987,"[7.0, 9.0, 1.0, 24.0, 30.0, 23.0, 26.0, 29.0, 4.0, 22.0, 12.0, 3.0, 28.0, 2.0, 31.0, 15.0, 10.0, 27.0, 0.0, 31.0, 0.0, 27.0, 19.0, 21.0, 5.0, 13.0, 16.0, 6.0, 11.0, 14.0, 17.0, 20.0]",True,8000,0.25,4096
261,256,5.0,1896247,5167.603169900001,"[7.0, 9.0, 1.0, 24.0, 30.0, 23.0, 26.0, 29.0, 4.0, 22.0, 12.0, 3.0, 28.0, 2.0, 31.0, 15.0, 10.0, 27.0, 0.0, 31.0, 0.0, 27.0, 19.0, 21.0, 5.0, 13.0, 16.0, 6.0, 11.0, 14.0, 17.0, 20.0]",True,8000,0.25,4096
262,512,5.0,1896247,5167.603169900001,"[7.0, 9.0, 1.0, 24.0, 30.0, 23.0, 26.0, 29.0, 4.0, 22.0, 12.0, 3.0, 28.0, 2.0, 31.0, 15.0, 10.0, 27.0, 0.0, 31.0, 0.0, 27.0, 19.0, 21.0, 5.0, 13.0, 16.0, 6.0, 11.0, 14.0, 17.0, 20.0]",True,8000,0.25,4096
263,1024,5.0,1896247,5167.603169900001,"[7.0, 9.0, 1.0, 24.0, 30.0, 23.0, 26.0, 29.0, 4.0, 22.0, 12.0, 3.0, 28.0, 2.0, 31.0, 15.0, 10.0, 27.0, 0.0, 31.0, 0.0, 27.0, 19.0, 21.0, 5.0, 13.0, 16.0, 6.0, 11.0, 14.0, 17.0, 20.0]",True,8000,0.25,4096
264,2048,5.0,1896247,5167.603169900001,"[7.0, 9.0, 1.0, 24.0, 30.0, 23.0, 26.0, 29.0, 4.0, 22.0, 12.0, 3.0, 28.0, 2.0, 31.0, 15.0, 10.0, 27.0, 0.0, 31.0, 0.0, 27.0, 19.0, 21.0, 5.0, 13.0, 16.0, 6.0, 11.0, 14.0, 17.0, 20.0]",True,8000,0.25,4096
265,4096,5.0,1896247,5167.603169900001,"[7.0, 9.0, 1.0, 24.0, 30.0, 23.0, 26.0, 29.0, 4.0, 22.0, 12.0, 3.0, 28.0, 2.0, 31.0, 15.0, 10.0, 27.0, 0.0, 31.0, 0.0, 27.0, 19.0, 21.0, 5.0, 13.0, 16.0, 6.0, 11.0, 14.0, 17.0, 20.0]",True,8000,0.25,4096
266,0,29.0,8000,5.835689100000309,"[6, 19, 28, 14, 10, 7, 28, 20, 6, 25, 18, 22, 10, 10, 23, 20, 3, 7, 23, 2, 21, 20, 1, 23, 11, 29, 5, 1, 31, 27, 20, 0]",True,8000,0.5,4096
267,1,17.0,16002,20.597218499999144,"[17.0, 30.0, 30.0, 12.0, 16.0, 14.0, 27.0, 28.0, 18.0, 25.0, 10.0, 0.0, 0.0, 8.0, 4.0, 22.0, 27.0, 6.0, 31.0, 23.0, 5.0, 21.0, 23.0, 4.0, 3.0, 16.0, 2.0, 20.0, 26.0, 4.0, 29.0, 30.0]",True,8000,0.5,4096
268,2,17.0,24003,34.462908899993636,"[17.0, 30.0, 30.0, 12.0, 16.0, 14.0, 27.0, 28.0, 18.0, 25.0, 10.0, 0.0, 0.0, 8.0, 4.0, 22.0, 27.0, 6.0, 31.0, 23.0, 5.0, 21.0, 23.0, 4.0, 3.0, 16.0, 2.0, 20.0, 26.0, 4.0, 29.0, 30.0]",True,8000,0.5,4096
269,4,16.0,40006,63.22906680000597,"[2.0, 19.0, 19.0, 11.0, 31.0, 2.0, 31.0, 3.0, 30.0, 18.0, 3.0, 21.0, 5.0, 17.0, 1.0, 29.0, 28.0, 9.0, 7.0, 17.0, 22.0, 7.0, 13.0, 30.0, 24.0, 20.0, 23.0, 12.0, 10.0, 0.0, 28.0, 3.0]",True,8000,0.5,4096
270,8,16.0,72010,119.35863160000008,"[2.0, 19.0, 19.0, 11.0, 31.0, 2.0, 31.0, 3.0, 30.0, 18.0, 3.0, 21.0, 5.0, 17.0, 1.0, 29.0, 28.0, 9.0, 7.0, 17.0, 22.0, 7.0, 13.0, 30.0, 24.0, 20.0, 23.0, 12.0, 10.0, 0.0, 28.0, 3.0]",True,8000,0.5,4096
271,16,15.0,136019,234.89561900000263,"[12.0, 0.0, 25.0, 5.0, 15.0, 13.0, 7.0, 20.0, 8.0, 12.0, 4.0, 31.0, 8.0, 30.0, 30.0, 7.0, 23.0, 7.0, 26.0, 10.0, 26.0, 27.0, 3.0, 14.0, 28.0, 1.0, 6.0, 21.0, 17.0, 26.0, 11.0, 29.0]",True,8000,0.5,4096
272,32,13.0,264037,481.53182299999753,"[29.0, 10.0, 6.0, 22.0, 18.0, 29.0, 12.0, 28.0, 13.0, 1.0, 2.0, 31.0, 21.0, 30.0, 16.0, 5.0, 19.0, 27.0, 1.0, 0.0, 4.0, 20.0, 23.0, 0.0, 15.0, 2.0, 24.0, 9.0, 25.0, 22.0, 24.0, 30.0]",True,8000,0.5,4096
273,64,5.0,520076,973.488777599996,"[2.0, 15.0, 6.0, 27.0, 29.0, 4.0, 14.0, 10.0, 26.0, 30.0, 1.0, 17.0, 25.0, 23.0, 11.0, 30.0, 5.0, 7.0, 4.0, 12.0, 31.0, 28.0, 20.0, 24.0, 16.0, 21.0, 9.0, 0.0, 13.0, 26.0, 18.0, 31.0]",True,8000,0.5,4096
274,128,5.0,1032140,2397.4768710999924,"[2.0, 15.0, 6.0, 27.0, 29.0, 4.0, 14.0, 10.0, 26.0, 30.0, 1.0, 17.0, 25.0, 23.0, 11.0, 30.0, 5.0, 7.0, 4.0, 12.0, 31.0, 28.0, 20.0, 24.0, 16.0, 21.0, 9.0, 0.0, 13.0, 26.0, 18.0, 31.0]",True,8000,0.5,4096
275,256,5.0,2056268,5185.2139632000035,"[2.0, 15.0, 6.0, 27.0, 29.0, 4.0, 14.0, 10.0, 26.0, 30.0, 1.0, 17.0, 25.0, 23.0, 11.0, 30.0, 5.0, 7.0, 4.0, 12.0, 31.0, 28.0, 20.0, 24.0, 16.0, 21.0, 9.0, 0.0, 13.0, 26.0, 18.0, 31.0]",True,8000,0.5,4096
276,512,5.0,2096273,5298.221895900002,"[2.0, 15.0, 6.0, 27.0, 29.0, 4.0, 14.0, 10.0, 26.0, 30.0, 1.0, 17.0, 25.0, 23.0, 11.0, 30.0, 5.0, 7.0, 4.0, 12.0, 31.0, 28.0, 20.0, 24.0, 16.0, 21.0, 9.0, 0.0, 13.0, 26.0, 18.0, 31.0]",True,8000,0.5,4096
277,1024,5.0,2096273,5298.221895900002,"[2.0, 15.0, 6.0, 27.0, 29.0, 4.0, 14.0, 10.0, 26.0, 30.0, 1.0, 17.0, 25.0, 23.0, 11.0, 30.0, 5.0, 7.0, 4.0, 12.0, 31.0, 28.0, 20.0, 24.0, 16.0, 21.0, 9.0, 0.0, 13.0, 26.0, 18.0, 31.0]",True,8000,0.5,4096
278,2048,5.0,2096273,5298.221895900002,"[2.0, 15.0, 6.0, 27.0, 29.0, 4.0, 14.0, 10.0, 26.0, 30.0, 1.0, 17.0, 25.0, 23.0, 11.0, 30.0, 5.0, 7.0, 4.0, 12.0, 31.0, 28.0, 20.0, 24.0, 16.0, 21.0, 9.0, 0.0, 13.0, 26.0, 18.0, 31.0]",True,8000,0.5,4096
279,4096,5.0,2096273,5298.221895900002,"[2.0, 15.0, 6.0, 27.0, 29.0, 4.0, 14.0, 10.0, 26.0, 30.0, 1.0, 17.0, 25.0, 23.0, 11.0, 30.0, 5.0, 7.0, 4.0, 12.0, 31.0, 28.0, 20.0, 24.0, 16.0, 21.0, 9.0, 0.0, 13.0, 26.0, 18.0, 31.0]",True,8000,0.5,4096
280,0,29.0,8000,6.767959999997402,"[6, 19, 28, 14, 10, 7, 28, 20, 6, 25, 18, 22, 10, 10, 23, 20, 3, 7, 23, 2, 21, 20, 1, 23, 11, 29, 5, 1, 31, 27, 20, 0]",True,8000,0.75,4096
281,1,17.0,16002,25.6022823999956,"[18.0, 16.0, 31.0, 29.0, 7.0, 25.0, 15.0, 19.0, 16.0, 5.0, 6.0, 4.0, 28.0, 26.0, 8.0, 30.0, 2.0, 0.0, 27.0, 10.0, 15.0, 22.0, 20.0, 4.0, 28.0, 30.0, 14.0, 1.0, 20.0, 1.0, 17.0, 29.0]",True,8000,0.75,4096
282,2,17.0,24003,44.24494780000532,"[18.0, 16.0, 31.0, 29.0, 7.0, 25.0, 15.0, 19.0, 16.0, 5.0, 6.0, 4.0, 28.0, 26.0, 8.0, 30.0, 2.0, 0.0, 27.0, 10.0, 15.0, 22.0, 20.0, 4.0, 28.0, 30.0, 14.0, 1.0, 20.0, 1.0, 17.0, 29.0]",True,8000,0.75,4096
283,4,14.0,40006,80.25307229999453,"[6.0, 6.0, 27.0, 0.0, 11.0, 9.0, 10.0, 30.0, 20.0, 29.0, 25.0, 0.0, 24.0, 15.0, 31.0, 10.0, 1.0, 27.0, 9.0, 4.0, 12.0, 30.0, 4.0, 7.0, 17.0, 8.0, 3.0, 26.0, 19.0, 2.0, 16.0, 23.0]",True,8000,0.75,4096
284,8,14.0,72010,152.3182189000072,"[6.0, 6.0, 27.0, 0.0, 11.0, 9.0, 10.0, 30.0, 20.0, 29.0, 25.0, 0.0, 24.0, 15.0, 31.0, 10.0, 1.0, 27.0, 9.0, 4.0, 12.0, 30.0, 4.0, 7.0, 17.0, 8.0, 3.0, 26.0, 19.0, 2.0, 16.0, 23.0]",True,8000,0.75,4096
285,16,14.0,136018,302.4236985000025,"[6.0, 6.0, 27.0, 0.0, 11.0, 9.0, 10.0, 30.0, 20.0, 29.0, 25.0, 0.0, 24.0, 15.0, 31.0, 10.0, 1.0, 27.0, 9.0, 4.0, 12.0, 30.0, 4.0, 7.0, 17.0, 8.0, 3.0, 26.0, 19.0, 2.0, 16.0, 23.0]",True,8000,0.75,4096
286,32,14.0,264034,603.3784660999954,"[6.0, 6.0, 27.0, 0.0, 11.0, 9.0, 10.0, 30.0, 20.0, 29.0, 25.0, 0.0, 24.0, 15.0, 31.0, 10.0, 1.0, 27.0, 9.0, 4.0, 12.0, 30.0, 4.0, 7.0, 17.0, 8.0, 3.0, 26.0, 19.0, 2.0, 16.0, 23.0]",True,8000,0.75,4096
287,64,12.0,520067,1192.1987602000008,"[22.0, 1.0, 31.0, 4.0, 23.0, 1.0, 13.0, 19.0, 6.0, 0.0, 27.0, 17.0, 30.0, 23.0, 3.0, 19.0, 29.0, 28.0, 26.0, 2.0, 31.0, 18.0, 24.0, 20.0, 1.0, 10.0, 15.0, 5.0, 20.0, 11.0, 24.0, 24.0]",True,8000,0.75,4096
288,128,4.0,1032138,2391.332223899997,"[20.0, 11.0, 8.0, 25.0, 15.0, 3.0, 0.0, 26.0, 21.0, 5.0, 24.0, 29.0, 12.0, 4.0, 31.0, 7.0, 0.0, 4.0, 30.0, 18.0, 15.0, 22.0, 27.0, 16.0, 2.0, 6.0, 28.0, 9.0, 14.0, 1.0, 13.0, 10.0]",True,8000,0.75,4096
289,256,4.0,2056266,5130.7185349000065,"[20.0, 11.0, 8.0, 25.0, 15.0, 3.0, 0.0, 26.0, 21.0, 5.0, 24.0, 29.0, 12.0, 4.0, 31.0, 7.0, 0.0, 4.0, 30.0, 18.0, 15.0, 22.0, 27.0, 16.0, 2.0, 6.0, 28.0, 9.0, 14.0, 1.0, 13.0, 10.0]",True,8000,0.75,4096
290,512,4.0,2632338,6666.6370469999965,"[20.0, 11.0, 8.0, 25.0, 15.0, 3.0, 0.0, 26.0, 21.0, 5.0, 24.0, 29.0, 12.0, 4.0, 31.0, 7.0, 0.0, 4.0, 30.0, 18.0, 15.0, 22.0, 27.0, 16.0, 2.0, 6.0, 28.0, 9.0, 14.0, 1.0, 13.0, 10.0]",True,8000,0.75,4096
291,1024,4.0,2632338,6666.6370469999965,"[20.0, 11.0, 8.0, 25.0, 15.0, 3.0, 0.0, 26.0, 21.0, 5.0, 24.0, 29.0, 12.0, 4.0, 31.0, 7.0, 0.0, 4.0, 30.0, 18.0, 15.0, 22.0, 27.0, 16.0, 2.0, 6.0, 28.0, 9.0, 14.0, 1.0, 13.0, 10.0]",True,8000,0.75,4096
292,2048,4.0,2632338,6666.6370469999965,"[20.0, 11.0, 8.0, 25.0, 15.0, 3.0, 0.0, 26.0, 21.0, 5.0, 24.0, 29.0, 12.0, 4.0, 31.0, 7.0, 0.0, 4.0, 30.0, 18.0, 15.0, 22.0, 27.0, 16.0, 2.0, 6.0, 28.0, 9.0, 14.0, 1.0, 13.0, 10.0]",True,8000,0.75,4096
293,4096,4.0,2632338,6666.6370469999965,"[20.0, 11.0, 8.0, 25.0, 15.0, 3.0, 0.0, 26.0, 21.0, 5.0, 24.0, 29.0, 12.0, 4.0, 31.0, 7.0, 0.0, 4.0, 30.0, 18.0, 15.0, 22.0, 27.0, 16.0, 2.0, 6.0, 28.0, 9.0, 14.0, 1.0, 13.0, 10.0]",True,8000,0.75,4096
294,0,29.0,10000,7.192484900006093,"[6, 19, 28, 14, 10, 7, 28, 20, 6, 25, 18, 22, 10, 10, 23, 20, 3, 7, 23, 2, 21, 20, 1, 23, 11, 29, 5, 1, 31, 27, 20, 0]",True,10000,0.25,4096
295,1,17.0,20002,20.48682920000283,"[25.0, 20.0, 9.0, 16.0, 18.0, 27.0, 14.0, 26.0, 15.0, 30.0, 27.0, 29.0, 0.0, 21.0, 17.0, 5.0, 28.0, 10.0, 27.0, 4.0, 26.0, 19.0, 24.0, 7.0, 1.0, 3.0, 24.0, 24.0, 8.0, 20.0, 8.0, 12.0]",True,10000,0.25,4096
296,2,17.0,30003,32.74863390000246,"[25.0, 20.0, 9.0, 16.0, 18.0, 27.0, 14.0, 26.0, 15.0, 30.0, 27.0, 29.0, 0.0, 21.0, 17.0, 5.0, 28.0, 10.0, 27.0, 4.0, 26.0, 19.0, 24.0, 7.0, 1.0, 3.0, 24.0, 24.0, 8.0, 20.0, 8.0, 12.0]",True,10000,0.25,4096
297,4,16.0,50006,57.907577899997705,"[11.0, 19.0, 24.0, 4.0, 10.0, 11.0, 27.0, 3.0, 28.0, 22.0, 18.0, 26.0, 13.0, 30.0, 4.0, 14.0, 16.0, 6.0, 1.0, 1.0, 2.0, 30.0, 17.0, 9.0, 5.0, 18.0, 20.0, 8.0, 30.0, 21.0, 29.0, 16.0]",True,10000,0.25,4096
298,8,15.0,90011,110.0790158000018,"[22.0, 7.0, 15.0, 4.0, 7.0, 26.0, 1.0, 2.0, 4.0, 18.0, 0.0, 23.0, 25.0, 27.0, 30.0, 5.0, 31.0, 11.0, 17.0, 0.0, 6.0, 9.0, 28.0, 2.0, 31.0, 8.0, 3.0, 4.0, 13.0, 14.0, 19.0, 28.0]",True,10000,0.25,4096
299,16,14.0,170020,215.23333069999353,"[16.0, 6.0, 9.0, 1.0, 26.0, 8.0, 0.0, 31.0, 29.0, 2.0, 21.0, 28.0, 13.0, 30.0, 7.0, 2.0, 6.0, 15.0, 27.0, 25.0, 3.0, 3.0, 19.0, 4.0, 2.0, 5.0, 10.0, 29.0, 1.0, 11.0, 25.0, 30.0]",True,10000,0.25,4096
300,32,10.0,330040,422.3211103000067,"[19.0, 4.0, 22.0, 20.0, 25.0, 2.0, 0.0, 11.0, 30.0, 0.0, 18.0, 10.0, 5.0, 13.0, 2.0, 27.0, 23.0, 28.0, 14.0, 3.0, 15.0, 2.0, 31.0, 24.0, 16.0, 1.0, 4.0, 7.0, 26.0, 4.0, 20.0, 4.0]",True,10000,0.25,4096
301,64,6.0,650075,1111.262062099995,"[16.0, 6.0, 8.0, 10.0, 29.0, 24.0, 9.0, 1.0, 23.0, 2.0, 30.0, 3.0, 30.0, 15.0, 13.0, 2.0, 25.0, 31.0, 28.0, 31.0, 31.0, 0.0, 4.0, 7.0, 12.0, 20.0, 11.0, 8.0, 19.0, 5.0, 26.0, 31.0]",True,10000,0.25,4096
302,128,6.0,1290139,2804.7697675999952,"[16.0, 6.0, 8.0, 10.0, 29.0, 24.0, 9.0, 1.0, 23.0, 2.0, 30.0, 3.0, 30.0, 15.0, 13.0, 2.0, 25.0, 31.0, 28.0, 31.0, 31.0, 0.0, 4.0, 7.0, 12.0, 20.0, 11.0, 8.0, 19.0, 5.0, 26.0, 31.0]",True,10000,0.25,4096
303,256,6.0,2460256,5905.3070600000065,"[16.0, 6.0, 8.0, 10.0, 29.0, 24.0, 9.0, 1.0, 23.0, 2.0, 30.0, 3.0, 30.0, 15.0, 13.0, 2.0, 25.0, 31.0, 28.0, 31.0, 31.0, 0.0, 4.0, 7.0, 12.0, 20.0, 11.0, 8.0, 19.0, 5.0, 26.0, 31.0]",True,10000,0.25,4096
304,512,6.0,2460256,5905.3070600000065,"[16.0, 6.0, 8.0, 10.0, 29.0, 24.0, 9.0, 1.0, 23.0, 2.0, 30.0, 3.0, 30.0, 15.0, 13.0, 2.0, 25.0, 31.0, 28.0, 31.0, 31.0, 0.0, 4.0, 7.0, 12.0, 20.0, 11.0, 8.0, 19.0, 5.0, 26.0, 31.0]",True,10000,0.25,4096
305,1024,6.0,2460256,5905.3070600000065,"[16.0, 6.0, 8.0, 10.0, 29.0, 24.0, 9.0, 1.0, 23.0, 2.0, 30.0, 3.0, 30.0, 15.0, 13.0, 2.0, 25.0, 31.0, 28.0, 31.0, 31.0, 0.0, 4.0, 7.0, 12.0, 20.0, 11.0, 8.0, 19.0, 5.0, 26.0, 31.0]",True,10000,0.25,4096
306,2048,6.0,2460256,5905.3070600000065,"[16.0, 6.0, 8.0, 10.0, 29.0, 24.0, 9.0, 1.0, 23.0, 2.0, 30.0, 3.0, 30.0, 15.0, 13.0, 2.0, 25.0, 31.0, 28.0, 31.0, 31.0, 0.0, 4.0, 7.0, 12.0, 20.0, 11.0, 8.0, 19.0, 5.0, 26.0, 31.0]",True,10000,0.25,4096
307,4096,6.0,2460256,5905.3070600000065,"[16.0, 6.0, 8.0, 10.0, 29.0, 24.0, 9.0, 1.0, 23.0, 2.0, 30.0, 3.0, 30.0, 15.0, 13.0, 2.0, 25.0, 31.0, 28.0, 31.0, 31.0, 0.0, 4.0, 7.0, 12.0, 20.0, 11.0, 8.0, 19.0, 5.0, 26.0, 31.0]",True,10000,0.25,4096
308,0,29.0,10000,7.325230099988403,"[6, 19, 28, 14, 10, 7, 28, 20, 6, 25, 18, 22, 10, 10, 23, 20, 3, 7, 23, 2, 21, 20, 1, 23, 11, 29, 5, 1, 31, 27, 20, 0]",True,10000,0.5,4096
309,1,16.0,20002,25.724184499995317,"[24.0, 11.0, 21.0, 14.0, 27.0, 16.0, 19.0, 3.0, 2.0, 11.0, 18.0, 3.0, 30.0, 1.0, 29.0, 22.0, 20.0, 10.0, 4.0, 19.0, 29.0, 27.0, 12.0, 9.0, 8.0, 10.0, 27.0, 15.0, 7.0, 26.0, 0.0, 23.0]",True,10000,0.5,4096
310,2,16.0,30003,42.71797349999542,"[24.0, 11.0, 21.0, 14.0, 27.0, 16.0, 19.0, 3.0, 2.0, 11.0, 18.0, 3.0, 30.0, 1.0, 29.0, 22.0, 20.0, 10.0, 4.0, 19.0, 29.0, 27.0, 12.0, 9.0, 8.0, 10.0, 27.0, 15.0, 7.0, 26.0, 0.0, 23.0]",True,10000,0.5,4096
311,4,16.0,50005,78.67533239998738,"[24.0, 11.0, 21.0, 14.0, 27.0, 16.0, 19.0, 3.0, 2.0, 11.0, 18.0, 3.0, 30.0, 1.0, 29.0, 22.0, 20.0, 10.0, 4.0, 19.0, 29.0, 27.0, 12.0, 9.0, 8.0, 10.0, 27.0, 15.0, 7.0, 26.0, 0.0, 23.0]",True,10000,0.5,4096
312,8,16.0,90009,149.15746889999718,"[24.0, 11.0, 21.0, 14.0, 27.0, 16.0, 19.0, 3.0, 2.0, 11.0, 18.0, 3.0, 30.0, 1.0, 29.0, 22.0, 20.0, 10.0, 4.0, 19.0, 29.0, 27.0, 12.0, 9.0, 8.0, 10.0, 27.0, 15.0, 7.0, 26.0, 0.0, 23.0]",True,10000,0.5,4096
313,16,13.0,170018,289.771645899993,"[26.0, 27.0, 27.0, 12.0, 18.0, 16.0, 3.0, 20.0, 16.0, 7.0, 4.0, 19.0, 1.0, 5.0, 9.0, 31.0, 19.0, 2.0, 2.0, 24.0, 2.0, 30.0, 10.0, 30.0, 15.0, 4.0, 30.0, 13.0, 21.0, 29.0, 11.0, 0.0]",True,10000,0.5,4096
314,32,13.0,330034,580.0019826999924,"[26.0, 27.0, 27.0, 12.0, 18.0, 16.0, 3.0, 20.0, 16.0, 7.0, 4.0, 19.0, 1.0, 5.0, 9.0, 31.0, 19.0, 2.0, 2.0, 24.0, 2.0, 30.0, 10.0, 30.0, 15.0, 4.0, 30.0, 13.0, 21.0, 29.0, 11.0, 0.0]",True,10000,0.5,4096
315,64,5.0,650074,1169.7810573999886,"[19.0, 28.0, 10.0, 4.0, 14.0, 20.0, 17.0, 7.0, 28.0, 8.0, 23.0, 29.0, 3.0, 0.0, 6.0, 27.0, 25.0, 5.0, 12.0, 16.0, 1.0, 11.0, 2.0, 5.0, 13.0, 30.0, 22.0, 1.0, 21.0, 27.0, 9.0, 26.0]",True,10000,0.5,4096
316,128,4.0,1290139,2833.453503599987,"[19.0, 28.0, 10.0, 4.0, 14.0, 20.0, 17.0, 7.0, 28.0, 8.0, 23.0, 29.0, 3.0, 0.0, 6.0, 27.0, 25.0, 5.0, 12.0, 16.0, 6.0, 11.0, 2.0, 8.0, 13.0, 30.0, 22.0, 1.0, 21.0, 27.0, 9.0, 26.0]",True,10000,0.5,4096
317,256,4.0,2570267,6326.673847999991,"[19.0, 28.0, 10.0, 4.0, 14.0, 20.0, 17.0, 7.0, 28.0, 8.0, 23.0, 29.0, 3.0, 0.0, 6.0, 27.0, 25.0, 5.0, 12.0, 16.0, 6.0, 11.0, 2.0, 8.0, 13.0, 30.0, 22.0, 1.0, 21.0, 27.0, 9.0, 26.0]",True,10000,0.5,4096
318,512,4.0,2680278,6631.279398199986,"[19.0, 28.0, 10.0, 4.0, 14.0, 20.0, 17.0, 7.0, 28.0, 8.0, 23.0, 29.0, 3.0, 0.0, 6.0, 27.0, 25.0, 5.0, 12.0, 16.0, 6.0, 11.0, 2.0, 8.0, 13.0, 30.0, 22.0, 1.0, 21.0, 27.0, 9.0, 26.0]",True,10000,0.5,4096
319,1024,4.0,2680278,6631.279398199986,"[19.0, 28.0, 10.0, 4.0, 14.0, 20.0, 17.0, 7.0, 28.0, 8.0, 23.0, 29.0, 3.0, 0.0, 6.0, 27.0, 25.0, 5.0, 12.0, 16.0, 6.0, 11.0, 2.0, 8.0, 13.0, 30.0, 22.0, 1.0, 21.0, 27.0, 9.0, 26.0]",True,10000,0.5,4096
320,2048,4.0,2680278,6631.279398199986,"[19.0, 28.0, 10.0, 4.0, 14.0, 20.0, 17.0, 7.0, 28.0, 8.0, 23.0, 29.0, 3.0, 0.0, 6.0, 27.0, 25.0, 5.0, 12.0, 16.0, 6.0, 11.0, 2.0, 8.0, 13.0, 30.0, 22.0, 1.0, 21.0, 27.0, 9.0, 26.0]",True,10000,0.5,4096
321,4096,4.0,2680278,6631.279398199986,"[19.0, 28.0, 10.0, 4.0, 14.0, 20.0, 17.0, 7.0, 28.0, 8.0, 23.0, 29.0, 3.0, 0.0, 6.0, 27.0, 25.0, 5.0, 12.0, 16.0, 6.0, 11.0, 2.0, 8.0, 13.0, 30.0, 22.0, 1.0, 21.0, 27.0, 9.0, 26.0]",True,10000,0.5,4096
322,0,29.0,10000,7.716148000006797,"[6, 19, 28, 14, 10, 7, 28, 20, 6, 25, 18, 22, 10, 10, 23, 20, 3, 7, 23, 2, 21, 20, 1, 23, 11, 29, 5, 1, 31, 27, 20, 0]",True,10000,0.75,4096
323,1,17.0,20002,31.724997300014365,"[21.0, 22.0, 15.0, 12.0, 7.0, 4.0, 13.0, 9.0, 7.0, 15.0, 3.0, 22.0, 31.0, 23.0, 31.0, 19.0, 22.0, 29.0, 19.0, 3.0, 11.0, 0.0, 5.0, 17.0, 4.0, 20.0, 16.0, 25.0, 13.0, 18.0, 26.0, 20.0]",True,10000,0.75,4096
324,2,17.0,30003,54.68973340000957,"[21.0, 22.0, 15.0, 12.0, 7.0, 4.0, 13.0, 9.0, 7.0, 15.0, 3.0, 22.0, 31.0, 23.0, 31.0, 19.0, 22.0, 29.0, 19.0, 3.0, 11.0, 0.0, 5.0, 17.0, 4.0, 20.0, 16.0, 25.0, 13.0, 18.0, 26.0, 20.0]",True,10000,0.75,4096
325,4,17.0,50005,102.70665700000245,"[21.0, 22.0, 15.0, 12.0, 7.0, 4.0, 13.0, 9.0, 7.0, 15.0, 3.0, 22.0, 31.0, 23.0, 31.0, 19.0, 22.0, 29.0, 19.0, 3.0, 11.0, 0.0, 5.0, 17.0, 4.0, 20.0, 16.0, 25.0, 13.0, 18.0, 26.0, 20.0]",True,10000,0.75,4096
326,8,16.0,90010,195.8804838000069,"[8.0, 11.0, 3.0, 31.0, 13.0, 13.0, 5.0, 14.0, 20.0, 13.0, 13.0, 2.0, 25.0, 2.0, 30.0, 22.0, 9.0, 5.0, 0.0, 29.0, 0.0, 26.0, 28.0, 18.0, 7.0, 17.0, 3.0, 3.0, 26.0, 4.0, 26.0, 15.0]",True,10000,0.75,4096
327,16,15.0,170019,385.5149006000138,"[24.0, 12.0, 28.0, 30.0, 16.0, 19.0, 21.0, 1.0, 6.0, 1.0, 26.0, 15.0, 17.0, 29.0, 9.0, 23.0, 25.0, 23.0, 31.0, 22.0, 27.0, 4.0, 0.0, 31.0, 11.0, 23.0, 30.0, 26.0, 30.0, 17.0, 20.0, 0.0]",True,10000,0.75,4096
328,32,15.0,330035,767.9710825000075,"[24.0, 12.0, 28.0, 30.0, 16.0, 19.0, 21.0, 1.0, 6.0, 1.0, 26.0, 15.0, 17.0, 29.0, 9.0, 23.0, 25.0, 23.0, 31.0, 22.0, 27.0, 4.0, 0.0, 31.0, 11.0, 23.0, 30.0, 26.0, 30.0, 17.0, 20.0, 0.0]",True,10000,0.75,4096
329,64,13.0,650069,1502.9680240000016,"[11.0, 10.0, 31.0, 17.0, 5.0, 15.0, 11.0, 6.0, 2.0, 7.0, 27.0, 30.0, 9.0, 19.0, 0.0, 4.0, 24.0, 30.0, 25.0, 12.0, 8.0, 1.0, 3.0, 14.0, 11.0, 19.0, 28.0, 23.0, 29.0, 16.0, 20.0, 17.0]",True,10000,0.75,4096
330,128,6.0,1290139,3154.648277900007,"[8.0, 10.0, 24.0, 3.0, 23.0, 15.0, 17.0, 6.0, 13.0, 30.0, 25.0, 27.0, 7.0, 19.0, 4.0, 16.0, 13.0, 0.0, 30.0, 11.0, 8.0, 1.0, 3.0, 10.0, 26.0, 21.0, 29.0, 18.0, 31.0, 22.0, 14.0, 9.0]",True,10000,0.75,4096
331,256,6.0,2570267,6974.577449499993,"[8.0, 10.0, 24.0, 3.0, 23.0, 15.0, 17.0, 6.0, 13.0, 30.0, 25.0, 27.0, 7.0, 19.0, 4.0, 16.0, 13.0, 0.0, 30.0, 11.0, 8.0, 1.0, 3.0, 10.0, 26.0, 21.0, 29.0, 18.0, 31.0, 22.0, 14.0, 9.0]",True,10000,0.75,4096
332,512,6.0,3080318,8461.002509500002,"[8.0, 10.0, 24.0, 3.0, 23.0, 15.0, 17.0, 6.0, 13.0, 30.0, 25.0, 27.0, 7.0, 19.0, 4.0, 16.0, 13.0, 0.0, 30.0, 11.0, 8.0, 1.0, 3.0, 10.0, 26.0, 21.0, 29.0, 18.0, 31.0, 22.0, 14.0, 9.0]",True,10000,0.75,4096
333,1024,6.0,3080318,8461.002509500002,"[8.0, 10.0, 24.0, 3.0, 23.0, 15.0, 17.0, 6.0, 13.0, 30.0, 25.0, 27.0, 7.0, 19.0, 4.0, 16.0, 13.0, 0.0, 30.0, 11.0, 8.0, 1.0, 3.0, 10.0, 26.0, 21.0, 29.0, 18.0, 31.0, 22.0, 14.0, 9.0]",True,10000,0.75,4096
334,2048,6.0,3080318,8461.002509500002,"[8.0, 10.0, 24.0, 3.0, 23.0, 15.0, 17.0, 6.0, 13.0, 30.0, 25.0, 27.0, 7.0, 19.0, 4.0, 16.0, 13.0, 0.0, 30.0, 11.0, 8.0, 1.0, 3.0, 10.0, 26.0, 21.0, 29.0, 18.0, 31.0, 22.0, 14.0, 9.0]",True,10000,0.75,4096
335,4096,6.0,3080318,8461.002509500002,"[8.0, 10.0, 24.0, 3.0, 23.0, 15.0, 17.0, 6.0, 13.0, 30.0, 25.0, 27.0, 7.0, 19.0, 4.0, 16.0, 13.0, 0.0, 30.0, 11.0, 8.0, 1.0, 3.0, 10.0, 26.0, 21.0, 29.0, 18.0, 31.0, 22.0, 14.0, 9.0]",True,10000,0.75,4096
