,Iteration,Fitness,FEvals,Time,State,Population Size,Mutation Rate,max_iters
0,0,29.0,200,0.8841535999999905,"[6, 19, 28, 14, 10, 7, 28, 20, 6, 25, 18, 22, 10, 10, 23, 20, 3, 7, 23, 2, 21, 20, 1, 23, 11, 29, 5, 1, 31, 27, 20, 0]",200,0.1,4096
1,1,20.0,402,2.2250973000009253,"[22, 9, 13, 1, 12, 7, 12, 19, 21, 30, 26, 8, 16, 20, 29, 0, 23, 5, 22, 2, 4, 30, 16, 4, 29, 27, 11, 17, 16, 20, 23, 10]",200,0.1,4096
2,2,19.0,604,3.2357478000012634,"[22, 6, 13, 30, 11, 5, 11, 19, 6, 28, 23, 0, 27, 29, 7, 1, 14, 8, 22, 11, 2, 10, 16, 18, 18, 27, 3, 17, 20, 20, 4, 30]",200,0.1,4096
3,4,18.0,1007,5.162500800000998,"[16, 11, 27, 24, 11, 20, 4, 19, 31, 15, 9, 0, 22, 7, 23, 28, 4, 25, 11, 22, 10, 3, 24, 9, 18, 21, 30, 17, 2, 26, 7, 12]",200,0.1,4096
4,8,17.0,1812,8.839103300000716,"[16, 21, 13, 29, 31, 18, 28, 19, 6, 15, 5, 26, 0, 20, 7, 24, 11, 23, 19, 31, 2, 25, 27, 11, 24, 8, 28, 17, 3, 21, 0, 10]",200,0.1,4096
5,16,15.0,3422,16.243352100002085,"[16, 4, 5, 30, 11, 18, 12, 22, 6, 20, 7, 0, 27, 27, 19, 28, 11, 25, 9, 21, 2, 13, 8, 9, 1, 21, 30, 17, 23, 31, 24, 10]",200,0.1,4096
6,32,10.0,6642,29.973389300001145,"[16, 11, 5, 30, 11, 18, 12, 22, 6, 20, 7, 0, 29, 27, 23, 1, 4, 25, 9, 31, 15, 13, 27, 5, 1, 21, 30, 17, 11, 29, 8, 10]",200,0.1,4096
7,64,5.0,13079,57.32525710000118,"[16, 11, 13, 24, 31, 18, 12, 19, 31, 15, 9, 0, 26, 8, 23, 2, 4, 25, 22, 3, 27, 10, 7, 5, 1, 21, 6, 17, 20, 29, 24, 10]",200,0.1,4096
8,128,3.0,25945,107.00927120000051,"[16, 6, 12, 24, 31, 18, 24, 19, 28, 15, 9, 0, 26, 8, 23, 2, 4, 25, 22, 3, 27, 13, 7, 5, 1, 21, 30, 17, 11, 29, 24, 10]",200,0.1,4096
9,256,3.0,51673,175.78717049999977,"[16, 6, 12, 24, 31, 18, 24, 19, 28, 15, 9, 0, 26, 8, 23, 2, 4, 25, 22, 3, 27, 13, 7, 5, 1, 21, 30, 17, 11, 29, 24, 10]",200,0.1,4096
10,512,3.0,56899,187.25915000000168,"[16, 6, 12, 24, 31, 18, 24, 19, 28, 15, 9, 0, 26, 8, 23, 2, 4, 25, 22, 3, 27, 13, 7, 5, 1, 21, 30, 17, 11, 29, 24, 10]",200,0.1,4096
11,1024,3.0,56899,187.25915000000168,"[16, 6, 12, 24, 31, 18, 24, 19, 28, 15, 9, 0, 26, 8, 23, 2, 4, 25, 22, 3, 27, 13, 7, 5, 1, 21, 30, 17, 11, 29, 24, 10]",200,0.1,4096
12,2048,3.0,56899,187.25915000000168,"[16, 6, 12, 24, 31, 18, 24, 19, 28, 15, 9, 0, 26, 8, 23, 2, 4, 25, 22, 3, 27, 13, 7, 5, 1, 21, 30, 17, 11, 29, 24, 10]",200,0.1,4096
13,4096,3.0,56899,187.25915000000168,"[16, 6, 12, 24, 31, 18, 24, 19, 28, 15, 9, 0, 26, 8, 23, 2, 4, 25, 22, 3, 27, 13, 7, 5, 1, 21, 30, 17, 11, 29, 24, 10]",200,0.1,4096
14,0,29.0,200,0.4337712999986252,"[6, 19, 28, 14, 10, 7, 28, 20, 6, 25, 18, 22, 10, 10, 23, 20, 3, 7, 23, 2, 21, 20, 1, 23, 11, 29, 5, 1, 31, 27, 20, 0]",200,0.2,4096
15,1,21.0,402,0.867801899999904,"[3, 4, 20, 7, 22, 18, 1, 14, 28, 3, 7, 20, 9, 13, 26, 28, 11, 27, 2, 15, 2, 9, 2, 29, 17, 10, 7, 5, 3, 27, 24, 22]",200,0.2,4096
16,2,20.0,604,1.409052499999234,"[22, 2, 0, 5, 17, 30, 0, 13, 5, 20, 15, 28, 4, 16, 9, 29, 1, 31, 5, 2, 12, 14, 31, 22, 15, 3, 8, 0, 26, 11, 30, 26]",200,0.2,4096
17,4,20.0,1006,2.333072000001266,"[22, 2, 0, 5, 17, 30, 0, 13, 5, 20, 15, 28, 4, 16, 9, 29, 1, 31, 5, 2, 12, 14, 31, 22, 15, 3, 8, 0, 26, 11, 30, 26]",200,0.2,4096
18,8,18.0,1812,4.084609599998657,"[16, 5, 23, 7, 13, 7, 18, 19, 18, 26, 27, 0, 9, 1, 9, 29, 31, 1, 10, 10, 3, 6, 30, 25, 14, 26, 23, 5, 3, 25, 16, 2]",200,0.2,4096
19,16,17.0,3421,7.351210500000889,"[7, 27, 0, 7, 12, 7, 2, 19, 21, 4, 8, 11, 5, 1, 24, 18, 15, 0, 14, 25, 31, 3, 28, 22, 15, 6, 2, 28, 12, 0, 16, 11]",200,0.2,4096
20,32,10.0,6641,12.88296790000095,"[7, 3, 23, 7, 29, 13, 14, 16, 28, 4, 27, 1, 9, 9, 24, 20, 31, 20, 16, 10, 21, 6, 8, 22, 15, 30, 2, 5, 12, 0, 12, 25]",200,0.2,4096
21,64,4.0,13078,22.76558389999991,"[3, 3, 23, 7, 13, 18, 14, 19, 28, 4, 27, 1, 9, 9, 24, 29, 31, 10, 16, 30, 20, 6, 8, 22, 15, 26, 2, 5, 15, 0, 12, 25]",200,0.2,4096
22,128,2.0,25944,42.11182579999877,"[7, 17, 23, 21, 13, 18, 14, 19, 28, 4, 27, 1, 9, 9, 24, 29, 31, 10, 16, 30, 20, 6, 8, 22, 15, 26, 2, 5, 3, 0, 12, 25]",200,0.2,4096
23,256,2.0,51672,82.15709680000145,"[7, 17, 23, 21, 13, 18, 14, 19, 28, 4, 27, 1, 9, 9, 24, 29, 31, 10, 16, 30, 20, 6, 8, 22, 15, 26, 2, 5, 3, 0, 12, 25]",200,0.2,4096
24,512,1.0,92677,153.1919444999985,"[7, 17, 23, 21, 13, 18, 14, 19, 28, 4, 27, 0, 9, 1, 24, 29, 31, 10, 16, 30, 20, 1, 8, 22, 15, 26, 2, 5, 3, 6, 12, 25]",200,0.2,4096
25,1024,1.0,92677,153.1919444999985,"[7, 17, 23, 21, 13, 18, 14, 19, 28, 4, 27, 0, 9, 1, 24, 29, 31, 10, 16, 30, 20, 1, 8, 22, 15, 26, 2, 5, 3, 6, 12, 25]",200,0.2,4096
26,2048,1.0,92677,153.1919444999985,"[7, 17, 23, 21, 13, 18, 14, 19, 28, 4, 27, 0, 9, 1, 24, 29, 31, 10, 16, 30, 20, 1, 8, 22, 15, 26, 2, 5, 3, 6, 12, 25]",200,0.2,4096
27,4096,1.0,92677,153.1919444999985,"[7, 17, 23, 21, 13, 18, 14, 19, 28, 4, 27, 0, 9, 1, 24, 29, 31, 10, 16, 30, 20, 1, 8, 22, 15, 26, 2, 5, 3, 6, 12, 25]",200,0.2,4096
28,0,29.0,200,0.18852630000037607,"[6, 19, 28, 14, 10, 7, 28, 20, 6, 25, 18, 22, 10, 10, 23, 20, 3, 7, 23, 2, 21, 20, 1, 23, 11, 29, 5, 1, 31, 27, 20, 0]",200,0.3,4096
29,1,21.0,402,0.39548939999804134,"[3, 9, 23, 16, 9, 7, 18, 19, 9, 4, 8, 5, 5, 1, 24, 29, 16, 10, 15, 10, 21, 4, 8, 22, 23, 15, 20, 1, 28, 25, 7, 26]",200,0.3,4096
30,2,21.0,603,0.6099826999998186,"[3, 9, 23, 16, 9, 7, 18, 19, 9, 4, 8, 5, 5, 1, 24, 29, 16, 10, 15, 10, 21, 4, 8, 22, 23, 15, 20, 1, 28, 25, 7, 26]",200,0.3,4096
31,4,17.0,1007,1.0668753999998444,"[3, 3, 23, 16, 2, 31, 2, 19, 28, 31, 17, 5, 5, 1, 18, 20, 4, 17, 27, 10, 28, 21, 8, 22, 0, 15, 20, 1, 25, 25, 1, 26]",200,0.3,4096
32,8,15.0,1812,1.9147955000007642,"[3, 31, 16, 3, 5, 7, 25, 27, 21, 8, 26, 13, 9, 26, 2, 27, 12, 27, 5, 28, 0, 6, 30, 15, 0, 8, 17, 31, 9, 20, 30, 4]",200,0.3,4096
33,16,15.0,3420,3.7649333000008482,"[3, 31, 16, 3, 5, 7, 25, 27, 21, 8, 26, 13, 9, 26, 2, 27, 12, 27, 5, 28, 0, 6, 30, 15, 0, 8, 17, 31, 9, 20, 30, 4]",200,0.3,4096
34,32,11.0,6638,7.4079123999981675,"[4, 14, 23, 11, 24, 31, 2, 19, 26, 24, 27, 5, 7, 29, 6, 20, 30, 27, 27, 10, 23, 9, 2, 22, 3, 15, 24, 1, 21, 31, 5, 8]",200,0.3,4096
35,64,5.0,13074,13.936855700001615,"[7, 3, 12, 16, 27, 31, 2, 19, 17, 24, 27, 5, 9, 29, 18, 20, 4, 1, 29, 10, 28, 6, 8, 30, 0, 15, 24, 14, 21, 25, 22, 26]",200,0.3,4096
36,128,3.0,25940,27.868801699998585,"[7, 3, 12, 16, 2, 31, 11, 19, 17, 24, 27, 5, 9, 29, 18, 20, 4, 1, 29, 10, 28, 6, 8, 23, 0, 15, 13, 14, 21, 25, 22, 26]",200,0.3,4096
37,256,2.0,51669,55.08906289999868,"[7, 3, 12, 16, 2, 31, 11, 19, 17, 24, 27, 5, 9, 29, 18, 20, 4, 1, 13, 10, 28, 6, 8, 23, 0, 15, 25, 14, 21, 30, 22, 26]",200,0.3,4096
38,512,2.0,72372,75.56755930000145,"[7, 3, 12, 16, 2, 31, 11, 19, 17, 24, 27, 5, 9, 29, 18, 20, 4, 1, 13, 10, 28, 6, 8, 23, 0, 15, 25, 14, 21, 30, 22, 26]",200,0.3,4096
39,1024,2.0,72372,75.56755930000145,"[7, 3, 12, 16, 2, 31, 11, 19, 17, 24, 27, 5, 9, 29, 18, 20, 4, 1, 13, 10, 28, 6, 8, 23, 0, 15, 25, 14, 21, 30, 22, 26]",200,0.3,4096
40,2048,2.0,72372,75.56755930000145,"[7, 3, 12, 16, 2, 31, 11, 19, 17, 24, 27, 5, 9, 29, 18, 20, 4, 1, 13, 10, 28, 6, 8, 23, 0, 15, 25, 14, 21, 30, 22, 26]",200,0.3,4096
41,4096,2.0,72372,75.56755930000145,"[7, 3, 12, 16, 2, 31, 11, 19, 17, 24, 27, 5, 9, 29, 18, 20, 4, 1, 13, 10, 28, 6, 8, 23, 0, 15, 25, 14, 21, 30, 22, 26]",200,0.3,4096
42,0,29.0,200,0.19743250000101398,"[6, 19, 28, 14, 10, 7, 28, 20, 6, 25, 18, 22, 10, 10, 23, 20, 3, 7, 23, 2, 21, 20, 1, 23, 11, 29, 5, 1, 31, 27, 20, 0]",200,0.4,4096
43,1,20.0,402,0.4385842000010598,"[12, 29, 20, 24, 20, 13, 7, 13, 19, 23, 11, 31, 22, 31, 31, 22, 10, 4, 21, 27, 28, 12, 17, 1, 6, 15, 0, 16, 26, 28, 8, 5]",200,0.4,4096
44,2,20.0,603,0.6491552000006777,"[12, 29, 20, 24, 20, 13, 7, 13, 19, 23, 11, 31, 22, 31, 31, 22, 10, 4, 21, 27, 28, 12, 17, 1, 6, 15, 0, 16, 26, 28, 8, 5]",200,0.4,4096
45,4,19.0,1006,1.1389149999995425,"[22, 21, 21, 6, 5, 30, 24, 17, 19, 4, 4, 6, 16, 13, 3, 18, 27, 25, 2, 12, 2, 8, 19, 14, 23, 21, 28, 9, 20, 5, 2, 25]",200,0.4,4096
46,8,16.0,1811,2.1380487000024004,"[1, 24, 27, 23, 7, 5, 6, 25, 21, 10, 17, 2, 26, 17, 6, 0, 27, 7, 20, 29, 25, 19, 1, 31, 15, 30, 8, 22, 14, 4, 25, 13]",200,0.4,4096
47,16,16.0,3419,3.896220300001005,"[1, 24, 27, 23, 7, 5, 6, 25, 21, 10, 17, 2, 26, 17, 6, 0, 27, 7, 20, 29, 25, 19, 1, 31, 15, 30, 8, 22, 14, 4, 25, 13]",200,0.4,4096
48,32,13.0,6638,7.263799200001813,"[18, 3, 13, 28, 20, 5, 12, 27, 6, 23, 25, 19, 1, 20, 26, 0, 10, 4, 31, 0, 19, 8, 0, 14, 17, 13, 9, 3, 20, 26, 16, 11]",200,0.4,4096
49,64,5.0,13077,14.266402199998993,"[18, 24, 30, 28, 7, 5, 12, 31, 28, 14, 6, 13, 1, 20, 26, 0, 10, 4, 2, 0, 19, 29, 0, 11, 17, 22, 9, 3, 20, 27, 16, 21]",200,0.4,4096
50,128,1.0,25945,27.56768550000197,"[7, 27, 23, 28, 13, 5, 12, 31, 24, 14, 6, 22, 1, 30, 26, 0, 10, 4, 2, 0, 19, 3, 25, 11, 17, 29, 9, 18, 20, 8, 16, 21]",200,0.4,4096
51,256,1.0,51673,54.104138599999715,"[7, 27, 23, 28, 13, 5, 12, 31, 24, 14, 6, 22, 1, 30, 26, 0, 10, 4, 2, 0, 19, 3, 25, 11, 17, 29, 9, 18, 20, 8, 16, 21]",200,0.4,4096
52,512,1.0,64537,67.56291870000132,"[7, 27, 23, 28, 13, 5, 12, 31, 24, 14, 6, 22, 1, 30, 26, 0, 10, 4, 2, 0, 19, 3, 25, 11, 17, 29, 9, 18, 20, 8, 16, 21]",200,0.4,4096
53,1024,1.0,64537,67.56291870000132,"[7, 27, 23, 28, 13, 5, 12, 31, 24, 14, 6, 22, 1, 30, 26, 0, 10, 4, 2, 0, 19, 3, 25, 11, 17, 29, 9, 18, 20, 8, 16, 21]",200,0.4,4096
54,2048,1.0,64537,67.56291870000132,"[7, 27, 23, 28, 13, 5, 12, 31, 24, 14, 6, 22, 1, 30, 26, 0, 10, 4, 2, 0, 19, 3, 25, 11, 17, 29, 9, 18, 20, 8, 16, 21]",200,0.4,4096
55,4096,1.0,64537,67.56291870000132,"[7, 27, 23, 28, 13, 5, 12, 31, 24, 14, 6, 22, 1, 30, 26, 0, 10, 4, 2, 0, 19, 3, 25, 11, 17, 29, 9, 18, 20, 8, 16, 21]",200,0.4,4096
56,0,29.0,200,0.18297119999988354,"[6, 19, 28, 14, 10, 7, 28, 20, 6, 25, 18, 22, 10, 10, 23, 20, 3, 7, 23, 2, 21, 20, 1, 23, 11, 29, 5, 1, 31, 27, 20, 0]",200,0.5,4096
57,1,19.0,402,0.4219180000000051,"[10, 22, 22, 26, 28, 14, 5, 13, 26, 13, 3, 19, 7, 18, 2, 2, 29, 30, 29, 20, 1, 21, 24, 5, 14, 13, 9, 8, 22, 31, 15, 5]",200,0.5,4096
58,2,19.0,603,0.7023434999973688,"[10, 22, 22, 26, 28, 14, 5, 13, 26, 13, 3, 19, 7, 18, 2, 2, 29, 30, 29, 20, 1, 21, 24, 5, 14, 13, 9, 8, 22, 31, 15, 5]",200,0.5,4096
59,4,19.0,1005,1.1273954999996931,"[10, 22, 22, 26, 28, 14, 5, 13, 26, 13, 3, 19, 7, 18, 2, 2, 29, 30, 29, 20, 1, 21, 24, 5, 14, 13, 9, 8, 22, 31, 15, 5]",200,0.5,4096
60,8,16.0,1811,2.048430799997732,"[24, 6, 21, 6, 13, 31, 8, 27, 19, 4, 20, 12, 6, 30, 7, 28, 22, 18, 27, 25, 28, 26, 29, 16, 3, 17, 3, 5, 2, 26, 11, 23]",200,0.5,4096
61,16,15.0,3420,3.7024855999989086,"[13, 21, 23, 26, 31, 1, 12, 22, 0, 31, 18, 2, 0, 30, 0, 0, 20, 6, 29, 25, 0, 24, 0, 27, 3, 30, 8, 11, 25, 4, 1, 14]",200,0.5,4096
62,32,14.0,6637,7.253682699996716,"[27, 29, 5, 18, 28, 6, 25, 31, 1, 16, 26, 7, 6, 2, 2, 0, 13, 30, 27, 20, 28, 25, 0, 14, 17, 17, 9, 22, 10, 4, 20, 12]",200,0.5,4096
63,64,6.0,13075,13.888330899997527,"[26, 29, 23, 18, 9, 6, 25, 27, 1, 31, 26, 7, 16, 30, 2, 0, 13, 30, 5, 25, 28, 21, 0, 14, 3, 17, 9, 22, 10, 4, 20, 8]",200,0.5,4096
64,128,2.0,25943,27.19914509999944,"[23, 29, 23, 18, 11, 6, 8, 19, 1, 31, 24, 7, 16, 30, 2, 9, 13, 3, 27, 25, 28, 26, 0, 14, 3, 17, 15, 22, 10, 4, 20, 5]",200,0.5,4096
65,256,1.0,51672,55.146871199998714,"[23, 29, 23, 18, 11, 6, 8, 19, 1, 31, 24, 7, 16, 30, 2, 9, 13, 3, 27, 25, 28, 26, 0, 14, 22, 17, 15, 12, 10, 4, 20, 5]",200,0.5,4096
66,512,1.0,70164,75.16328179999982,"[23, 29, 23, 18, 11, 6, 8, 19, 1, 31, 24, 7, 16, 30, 2, 9, 13, 3, 27, 25, 28, 26, 0, 14, 22, 17, 15, 12, 10, 4, 20, 5]",200,0.5,4096
67,1024,1.0,70164,75.16328179999982,"[23, 29, 23, 18, 11, 6, 8, 19, 1, 31, 24, 7, 16, 30, 2, 9, 13, 3, 27, 25, 28, 26, 0, 14, 22, 17, 15, 12, 10, 4, 20, 5]",200,0.5,4096
68,2048,1.0,70164,75.16328179999982,"[23, 29, 23, 18, 11, 6, 8, 19, 1, 31, 24, 7, 16, 30, 2, 9, 13, 3, 27, 25, 28, 26, 0, 14, 22, 17, 15, 12, 10, 4, 20, 5]",200,0.5,4096
69,4096,1.0,70164,75.16328179999982,"[23, 29, 23, 18, 11, 6, 8, 19, 1, 31, 24, 7, 16, 30, 2, 9, 13, 3, 27, 25, 28, 26, 0, 14, 22, 17, 15, 12, 10, 4, 20, 5]",200,0.5,4096
70,0,29.0,200,0.22362690000227303,"[6, 19, 28, 14, 10, 7, 28, 20, 6, 25, 18, 22, 10, 10, 23, 20, 3, 7, 23, 2, 21, 20, 1, 23, 11, 29, 5, 1, 31, 27, 20, 0]",200,0.6,4096
71,1,21.0,402,0.520196900000883,"[21, 27, 16, 26, 16, 1, 1, 27, 27, 22, 4, 0, 0, 8, 18, 29, 0, 12, 19, 25, 31, 5, 1, 5, 6, 22, 13, 25, 17, 14, 30, 9]",200,0.6,4096
72,2,21.0,603,0.8202832999995735,"[21, 27, 16, 26, 16, 1, 1, 27, 27, 22, 4, 0, 0, 8, 18, 29, 0, 12, 19, 25, 31, 5, 1, 5, 6, 22, 13, 25, 17, 14, 30, 9]",200,0.6,4096
73,4,18.0,1006,1.3403279000012844,"[17, 18, 30, 29, 21, 3, 12, 19, 19, 22, 1, 7, 1, 9, 9, 0, 23, 7, 20, 14, 4, 22, 27, 6, 17, 28, 8, 31, 0, 24, 16, 11]",200,0.6,4096
74,8,16.0,1811,2.329075500001636,"[22, 21, 11, 29, 5, 5, 24, 30, 5, 7, 17, 1, 27, 23, 28, 0, 27, 12, 31, 0, 14, 4, 31, 12, 7, 3, 20, 31, 16, 21, 21, 26]",200,0.6,4096
75,16,15.0,3420,4.205496800001129,"[17, 18, 30, 2, 5, 5, 24, 19, 15, 7, 26, 1, 27, 9, 9, 0, 18, 12, 31, 0, 4, 22, 18, 28, 17, 28, 8, 31, 3, 21, 16, 11]",200,0.6,4096
76,32,12.0,6637,7.443164000000252,"[17, 21, 10, 29, 31, 2, 24, 30, 5, 7, 26, 1, 27, 23, 0, 0, 27, 6, 31, 14, 4, 22, 25, 29, 7, 3, 28, 31, 16, 9, 21, 11]",200,0.6,4096
77,64,5.0,13076,14.470302199999423,"[8, 6, 30, 2, 13, 5, 24, 19, 15, 7, 26, 1, 27, 23, 0, 0, 18, 12, 31, 0, 4, 22, 25, 29, 17, 3, 20, 31, 16, 21, 21, 11]",200,0.6,4096
78,128,2.0,25943,27.668381800001953,"[8, 6, 30, 2, 13, 5, 24, 19, 15, 7, 26, 1, 27, 9, 0, 0, 18, 28, 31, 14, 4, 22, 25, 29, 17, 3, 20, 10, 16, 21, 21, 11]",200,0.6,4096
79,256,0.0,47251,48.93941339999947,"[8, 6, 30, 2, 13, 5, 24, 19, 15, 7, 26, 1, 27, 9, 0, 12, 18, 28, 31, 14, 4, 22, 25, 29, 17, 3, 20, 10, 16, 11, 21, 23]",200,0.6,4096
80,512,0.0,47251,48.93941339999947,"[8, 6, 30, 2, 13, 5, 24, 19, 15, 7, 26, 1, 27, 9, 0, 12, 18, 28, 31, 14, 4, 22, 25, 29, 17, 3, 20, 10, 16, 11, 21, 23]",200,0.6,4096
81,1024,0.0,47251,48.93941339999947,"[8, 6, 30, 2, 13, 5, 24, 19, 15, 7, 26, 1, 27, 9, 0, 12, 18, 28, 31, 14, 4, 22, 25, 29, 17, 3, 20, 10, 16, 11, 21, 23]",200,0.6,4096
82,2048,0.0,47251,48.93941339999947,"[8, 6, 30, 2, 13, 5, 24, 19, 15, 7, 26, 1, 27, 9, 0, 12, 18, 28, 31, 14, 4, 22, 25, 29, 17, 3, 20, 10, 16, 11, 21, 23]",200,0.6,4096
83,4096,0.0,47251,48.93941339999947,"[8, 6, 30, 2, 13, 5, 24, 19, 15, 7, 26, 1, 27, 9, 0, 12, 18, 28, 31, 14, 4, 22, 25, 29, 17, 3, 20, 10, 16, 11, 21, 23]",200,0.6,4096
84,0,29.0,500,0.45637669999996433,"[6, 19, 28, 14, 10, 7, 28, 20, 6, 25, 18, 22, 10, 10, 23, 20, 3, 7, 23, 2, 21, 20, 1, 23, 11, 29, 5, 1, 31, 27, 20, 0]",500,0.1,4096
85,1,21.0,1002,0.976883799998177,"[15, 22, 19, 28, 27, 7, 21, 2, 14, 4, 0, 1, 0, 27, 14, 9, 17, 2, 31, 23, 26, 31, 23, 13, 10, 12, 3, 24, 31, 21, 23, 13]",500,0.1,4096
86,2,20.0,1504,1.542500100000325,"[9, 3, 21, 13, 3, 17, 31, 11, 1, 7, 0, 3, 25, 30, 14, 20, 28, 13, 15, 26, 1, 9, 1, 27, 10, 2, 17, 12, 3, 16, 21, 23]",500,0.1,4096
87,4,18.0,2507,2.5323673999992025,"[8, 9, 16, 0, 24, 15, 28, 17, 11, 26, 5, 18, 2, 11, 31, 23, 9, 3, 27, 8, 2, 21, 25, 7, 29, 6, 28, 21, 20, 28, 2, 19]",500,0.1,4096
88,8,18.0,4511,4.552199099998688,"[8, 9, 16, 0, 24, 15, 28, 17, 11, 26, 5, 18, 2, 11, 31, 23, 9, 3, 27, 8, 2, 21, 25, 7, 29, 6, 28, 21, 20, 28, 2, 19]",500,0.1,4096
89,16,17.0,8520,8.4442100999986,"[6, 2, 22, 20, 31, 30, 25, 5, 21, 16, 12, 2, 0, 8, 19, 27, 15, 0, 26, 13, 4, 13, 15, 29, 25, 3, 10, 16, 28, 17, 27, 21]",500,0.1,4096
90,32,14.0,16538,16.559216599998763,"[15, 2, 7, 24, 7, 3, 22, 11, 3, 21, 0, 14, 29, 23, 6, 28, 1, 18, 16, 13, 31, 3, 9, 30, 5, 15, 12, 24, 2, 25, 17, 8]",500,0.1,4096
91,64,10.0,32573,34.400498200000584,"[23, 21, 5, 12, 2, 26, 5, 18, 24, 4, 29, 1, 12, 27, 19, 30, 20, 17, 23, 10, 22, 25, 6, 3, 3, 31, 9, 24, 16, 25, 15, 7]",500,0.1,4096
92,128,3.0,64644,67.1439833000004,"[23, 8, 19, 31, 15, 20, 16, 9, 30, 27, 10, 7, 0, 29, 0, 28, 1, 18, 26, 13, 29, 25, 6, 3, 5, 2, 21, 24, 17, 12, 28, 22]",500,0.1,4096
93,256,2.0,128773,133.6023341,"[23, 8, 11, 31, 15, 20, 16, 9, 30, 27, 10, 7, 0, 29, 19, 28, 1, 18, 26, 13, 10, 25, 6, 3, 5, 2, 21, 24, 17, 12, 28, 22]",500,0.1,4096
94,512,2.0,169354,176.14393259999997,"[23, 8, 11, 31, 15, 20, 16, 9, 30, 27, 10, 7, 0, 29, 19, 28, 1, 18, 26, 13, 10, 25, 6, 3, 5, 2, 21, 24, 17, 12, 28, 22]",500,0.1,4096
95,1024,2.0,169354,176.14393259999997,"[23, 8, 11, 31, 15, 20, 16, 9, 30, 27, 10, 7, 0, 29, 19, 28, 1, 18, 26, 13, 10, 25, 6, 3, 5, 2, 21, 24, 17, 12, 28, 22]",500,0.1,4096
96,2048,2.0,169354,176.14393259999997,"[23, 8, 11, 31, 15, 20, 16, 9, 30, 27, 10, 7, 0, 29, 19, 28, 1, 18, 26, 13, 10, 25, 6, 3, 5, 2, 21, 24, 17, 12, 28, 22]",500,0.1,4096
97,4096,2.0,169354,176.14393259999997,"[23, 8, 11, 31, 15, 20, 16, 9, 30, 27, 10, 7, 0, 29, 19, 28, 1, 18, 26, 13, 10, 25, 6, 3, 5, 2, 21, 24, 17, 12, 28, 22]",500,0.1,4096
98,0,29.0,500,0.474809200000891,"[6, 19, 28, 14, 10, 7, 28, 20, 6, 25, 18, 22, 10, 10, 23, 20, 3, 7, 23, 2, 21, 20, 1, 23, 11, 29, 5, 1, 31, 27, 20, 0]",500,0.2,4096
99,1,19.0,1002,1.0108395000024757,"[11, 4, 7, 4, 29, 14, 18, 15, 0, 19, 4, 11, 19, 0, 30, 12, 31, 15, 22, 29, 20, 1, 3, 12, 10, 2, 0, 29, 17, 5, 9, 24]",500,0.2,4096
100,2,18.0,1504,1.5570241000023088,"[19, 9, 19, 28, 19, 1, 1, 27, 21, 18, 4, 24, 23, 0, 18, 29, 15, 2, 23, 12, 8, 9, 31, 14, 26, 15, 10, 30, 26, 13, 8, 17]",500,0.2,4096
101,4,18.0,2506,2.5586555000008957,"[19, 9, 19, 28, 19, 1, 1, 27, 21, 18, 4, 24, 23, 0, 18, 29, 15, 2, 23, 12, 8, 9, 31, 14, 26, 15, 10, 30, 26, 13, 8, 17]",500,0.2,4096
102,8,17.0,4511,4.543729299999541,"[1, 22, 12, 29, 2, 20, 13, 21, 21, 11, 7, 19, 28, 21, 23, 0, 5, 9, 1, 16, 15, 27, 0, 15, 3, 8, 10, 24, 19, 28, 16, 21]",500,0.2,4096
103,16,17.0,8519,8.57965890000196,"[1, 22, 12, 29, 2, 20, 13, 21, 21, 11, 7, 19, 28, 21, 23, 0, 5, 9, 1, 16, 15, 27, 0, 15, 3, 8, 10, 24, 19, 28, 16, 21]",500,0.2,4096
104,32,14.0,16537,16.415435400002025,"[1, 9, 19, 5, 3, 1, 13, 22, 17, 20, 31, 24, 28, 0, 18, 29, 2, 2, 30, 12, 8, 1, 31, 14, 26, 15, 10, 30, 23, 13, 13, 21]",500,0.2,4096
105,64,9.0,32571,32.95221289999972,"[18, 22, 12, 6, 2, 20, 13, 31, 28, 11, 7, 5, 25, 30, 1, 29, 8, 17, 30, 20, 9, 26, 0, 5, 3, 28, 10, 1, 23, 28, 16, 21]",500,0.2,4096
106,128,2.0,64640,65.18867200000022,"[18, 22, 12, 6, 2, 20, 25, 31, 24, 11, 7, 19, 4, 30, 1, 29, 5, 17, 27, 20, 15, 26, 0, 5, 3, 8, 10, 23, 9, 28, 16, 21]",500,0.2,4096
107,256,1.0,128769,130.9600943000005,"[18, 22, 12, 6, 2, 20, 25, 31, 24, 11, 7, 19, 4, 30, 1, 29, 10, 17, 27, 20, 15, 26, 0, 5, 3, 8, 14, 23, 9, 28, 16, 21]",500,0.2,4096
108,512,1.0,204921,210.87163770000188,"[18, 22, 12, 6, 2, 20, 25, 31, 24, 11, 7, 19, 4, 30, 1, 29, 10, 17, 27, 20, 15, 26, 0, 5, 3, 8, 14, 23, 9, 28, 16, 21]",500,0.2,4096
109,1024,1.0,204921,210.87163770000188,"[18, 22, 12, 6, 2, 20, 25, 31, 24, 11, 7, 19, 4, 30, 1, 29, 10, 17, 27, 20, 15, 26, 0, 5, 3, 8, 14, 23, 9, 28, 16, 21]",500,0.2,4096
110,2048,1.0,204921,210.87163770000188,"[18, 22, 12, 6, 2, 20, 25, 31, 24, 11, 7, 19, 4, 30, 1, 29, 10, 17, 27, 20, 15, 26, 0, 5, 3, 8, 14, 23, 9, 28, 16, 21]",500,0.2,4096
111,4096,1.0,204921,210.87163770000188,"[18, 22, 12, 6, 2, 20, 25, 31, 24, 11, 7, 19, 4, 30, 1, 29, 10, 17, 27, 20, 15, 26, 0, 5, 3, 8, 14, 23, 9, 28, 16, 21]",500,0.2,4096
112,0,29.0,500,0.44704660000206786,"[6, 19, 28, 14, 10, 7, 28, 20, 6, 25, 18, 22, 10, 10, 23, 20, 3, 7, 23, 2, 21, 20, 1, 23, 11, 29, 5, 1, 31, 27, 20, 0]",500,0.3,4096
113,1,17.0,1002,0.9264814000016486,"[31, 1, 5, 18, 30, 6, 0, 25, 28, 21, 21, 2, 26, 13, 11, 0, 21, 1, 27, 29, 22, 26, 24, 31, 15, 30, 14, 7, 0, 4, 20, 13]",500,0.3,4096
114,2,17.0,1503,1.4387199000011606,"[31, 1, 5, 18, 30, 6, 0, 25, 28, 21, 21, 2, 26, 13, 11, 0, 21, 1, 27, 29, 22, 26, 24, 31, 15, 30, 14, 7, 0, 4, 20, 13]",500,0.3,4096
115,4,16.0,2506,2.491680600000109,"[8, 1, 21, 24, 2, 0, 31, 17, 5, 27, 19, 28, 7, 3, 8, 27, 1, 24, 29, 24, 13, 4, 28, 24, 31, 6, 25, 19, 21, 30, 12, 9]",500,0.3,4096
116,8,16.0,4510,4.457177899999806,"[8, 1, 21, 24, 2, 0, 31, 17, 5, 27, 19, 28, 7, 3, 8, 27, 1, 24, 29, 24, 13, 4, 28, 24, 31, 6, 25, 19, 21, 30, 12, 9]",500,0.3,4096
117,16,14.0,8519,8.348071100001107,"[16, 25, 21, 9, 2, 5, 26, 18, 3, 27, 14, 2, 16, 30, 7, 25, 4, 9, 15, 31, 29, 4, 11, 8, 6, 4, 31, 29, 6, 19, 24, 7]",500,0.3,4096
118,32,14.0,16535,16.115525100001832,"[16, 25, 21, 9, 2, 5, 26, 18, 3, 27, 14, 2, 16, 30, 7, 25, 4, 9, 15, 31, 29, 4, 11, 8, 6, 4, 31, 29, 6, 19, 24, 7]",500,0.3,4096
119,64,12.0,32568,31.87500419999924,"[19, 3, 5, 18, 8, 30, 0, 25, 28, 21, 21, 6, 26, 13, 11, 8, 6, 1, 24, 29, 18, 20, 7, 31, 15, 30, 2, 7, 5, 4, 0, 13]",500,0.3,4096
120,128,8.0,64636,63.87837370000125,"[16, 3, 21, 9, 2, 5, 26, 31, 12, 27, 5, 0, 29, 1, 11, 25, 2, 20, 29, 31, 28, 1, 7, 10, 31, 4, 25, 19, 6, 30, 24, 13]",500,0.3,4096
121,256,1.0,128771,124.66503300000113,"[16, 3, 21, 9, 2, 14, 26, 22, 12, 27, 5, 7, 29, 1, 11, 25, 23, 20, 29, 31, 28, 6, 8, 10, 4, 18, 0, 19, 17, 30, 24, 13]",500,0.3,4096
122,512,1.0,208931,201.82852619999903,"[16, 3, 21, 9, 2, 14, 26, 22, 12, 27, 5, 7, 29, 1, 11, 25, 23, 20, 29, 31, 28, 6, 8, 10, 4, 18, 0, 19, 17, 30, 24, 13]",500,0.3,4096
123,1024,1.0,208931,201.82852619999903,"[16, 3, 21, 9, 2, 14, 26, 22, 12, 27, 5, 7, 29, 1, 11, 25, 23, 20, 29, 31, 28, 6, 8, 10, 4, 18, 0, 19, 17, 30, 24, 13]",500,0.3,4096
124,2048,1.0,208931,201.82852619999903,"[16, 3, 21, 9, 2, 14, 26, 22, 12, 27, 5, 7, 29, 1, 11, 25, 23, 20, 29, 31, 28, 6, 8, 10, 4, 18, 0, 19, 17, 30, 24, 13]",500,0.3,4096
125,4096,1.0,208931,201.82852619999903,"[16, 3, 21, 9, 2, 14, 26, 22, 12, 27, 5, 7, 29, 1, 11, 25, 23, 20, 29, 31, 28, 6, 8, 10, 4, 18, 0, 19, 17, 30, 24, 13]",500,0.3,4096
126,0,29.0,500,0.4624898000001849,"[6, 19, 28, 14, 10, 7, 28, 20, 6, 25, 18, 22, 10, 10, 23, 20, 3, 7, 23, 2, 21, 20, 1, 23, 11, 29, 5, 1, 31, 27, 20, 0]",500,0.4,4096
127,1,20.0,1002,1.0200621000003594,"[10, 28, 26, 8, 10, 1, 15, 30, 16, 31, 8, 30, 27, 10, 28, 4, 28, 9, 12, 3, 23, 8, 11, 25, 9, 15, 12, 29, 19, 31, 25, 21]",500,0.4,4096
128,2,18.0,1504,1.5301972999986901,"[6, 13, 25, 1, 12, 0, 15, 22, 24, 4, 14, 21, 0, 27, 25, 29, 12, 0, 8, 31, 17, 2, 19, 30, 1, 11, 18, 5, 28, 31, 20, 25]",500,0.4,4096
129,4,16.0,2507,2.6022216999990633,"[9, 11, 23, 4, 20, 25, 2, 14, 5, 24, 5, 8, 6, 15, 21, 2, 31, 1, 11, 7, 3, 27, 13, 10, 29, 14, 26, 30, 3, 10, 28, 15]",500,0.4,4096
130,8,16.0,4511,4.6108967999971355,"[9, 11, 23, 4, 20, 25, 2, 14, 5, 24, 5, 8, 6, 15, 21, 2, 31, 1, 11, 7, 3, 27, 13, 10, 29, 14, 26, 30, 3, 10, 28, 15]",500,0.4,4096
131,16,16.0,8519,8.57790599999862,"[9, 11, 23, 4, 20, 25, 2, 14, 5, 24, 5, 8, 6, 15, 21, 2, 31, 1, 11, 7, 3, 27, 13, 10, 29, 14, 26, 30, 3, 10, 28, 15]",500,0.4,4096
132,32,13.0,16536,16.259597699998267,"[5, 2, 22, 17, 8, 29, 4, 1, 30, 14, 30, 26, 2, 4, 8, 2, 27, 27, 21, 11, 13, 28, 28, 25, 23, 6, 6, 16, 7, 24, 15, 31]",500,0.4,4096
133,64,13.0,32568,31.861247699998785,"[5, 2, 22, 17, 8, 29, 4, 1, 30, 14, 30, 26, 2, 4, 8, 2, 27, 27, 21, 11, 13, 28, 28, 25, 23, 6, 6, 16, 7, 24, 15, 31]",500,0.4,4096
134,128,9.0,64636,62.54473800000051,"[18, 13, 17, 12, 30, 4, 28, 26, 0, 3, 14, 21, 26, 3, 14, 20, 27, 4, 31, 31, 9, 1, 8, 25, 1, 21, 29, 24, 16, 7, 11, 22]",500,0.4,4096
135,256,0.0,106228,103.3340833000002,"[18, 13, 10, 19, 2, 15, 28, 6, 0, 30, 17, 12, 26, 3, 14, 20, 27, 4, 31, 23, 9, 5, 8, 25, 1, 21, 29, 24, 16, 7, 11, 22]",500,0.4,4096
136,512,0.0,106228,103.3340833000002,"[18, 13, 10, 19, 2, 15, 28, 6, 0, 30, 17, 12, 26, 3, 14, 20, 27, 4, 31, 23, 9, 5, 8, 25, 1, 21, 29, 24, 16, 7, 11, 22]",500,0.4,4096
137,1024,0.0,106228,103.3340833000002,"[18, 13, 10, 19, 2, 15, 28, 6, 0, 30, 17, 12, 26, 3, 14, 20, 27, 4, 31, 23, 9, 5, 8, 25, 1, 21, 29, 24, 16, 7, 11, 22]",500,0.4,4096
138,2048,0.0,106228,103.3340833000002,"[18, 13, 10, 19, 2, 15, 28, 6, 0, 30, 17, 12, 26, 3, 14, 20, 27, 4, 31, 23, 9, 5, 8, 25, 1, 21, 29, 24, 16, 7, 11, 22]",500,0.4,4096
139,4096,0.0,106228,103.3340833000002,"[18, 13, 10, 19, 2, 15, 28, 6, 0, 30, 17, 12, 26, 3, 14, 20, 27, 4, 31, 23, 9, 5, 8, 25, 1, 21, 29, 24, 16, 7, 11, 22]",500,0.4,4096
140,0,29.0,500,0.49245479999808595,"[6, 19, 28, 14, 10, 7, 28, 20, 6, 25, 18, 22, 10, 10, 23, 20, 3, 7, 23, 2, 21, 20, 1, 23, 11, 29, 5, 1, 31, 27, 20, 0]",500,0.5,4096
141,1,17.0,1002,1.02595879999717,"[31, 1, 5, 18, 30, 6, 0, 25, 28, 21, 21, 2, 26, 13, 11, 0, 21, 1, 27, 29, 22, 26, 24, 31, 15, 30, 14, 7, 0, 4, 20, 13]",500,0.5,4096
142,2,17.0,1503,1.5742479000000458,"[31, 1, 5, 18, 30, 6, 0, 25, 28, 21, 21, 2, 26, 13, 11, 0, 21, 1, 27, 29, 22, 26, 24, 31, 15, 30, 14, 7, 0, 4, 20, 13]",500,0.5,4096
143,4,17.0,2505,2.5468419999997423,"[31, 1, 5, 18, 30, 6, 0, 25, 28, 21, 21, 2, 26, 13, 11, 0, 21, 1, 27, 29, 22, 26, 24, 31, 15, 30, 14, 7, 0, 4, 20, 13]",500,0.5,4096
144,8,17.0,4509,4.5182707999993,"[31, 1, 5, 18, 30, 6, 0, 25, 28, 21, 21, 2, 26, 13, 11, 0, 21, 1, 27, 29, 22, 26, 24, 31, 15, 30, 14, 7, 0, 4, 20, 13]",500,0.5,4096
145,16,17.0,8517,8.532733000000007,"[31, 1, 5, 18, 30, 6, 0, 25, 28, 21, 21, 2, 26, 13, 11, 0, 21, 1, 27, 29, 22, 26, 24, 31, 15, 30, 14, 7, 0, 4, 20, 13]",500,0.5,4096
146,32,16.0,16534,16.387988099999347,"[5, 26, 7, 19, 13, 16, 4, 3, 30, 14, 1, 23, 13, 17, 6, 0, 31, 24, 27, 20, 15, 3, 9, 5, 8, 21, 3, 10, 12, 31, 2, 19]",500,0.5,4096
147,64,12.0,32570,32.78186160000041,"[0, 20, 12, 19, 11, 4, 23, 20, 17, 1, 24, 6, 3, 1, 29, 21, 28, 11, 30, 22, 15, 2, 9, 19, 16, 13, 30, 5, 25, 31, 3, 14]",500,0.5,4096
148,128,5.0,64639,63.94442179999896,"[0, 18, 7, 19, 11, 6, 12, 20, 17, 27, 24, 31, 8, 1, 29, 25, 28, 11, 30, 22, 15, 2, 9, 16, 23, 26, 30, 5, 10, 31, 3, 14]",500,0.5,4096
149,256,1.0,128771,125.73306759999832,"[0, 18, 6, 19, 11, 4, 12, 20, 17, 27, 24, 31, 8, 1, 29, 25, 28, 7, 3, 22, 15, 2, 9, 16, 13, 26, 23, 5, 10, 21, 3, 14]",500,0.5,4096
150,512,1.0,185384,182.3318459999973,"[0, 18, 6, 19, 11, 4, 12, 20, 17, 27, 24, 31, 8, 1, 29, 25, 28, 7, 3, 22, 15, 2, 9, 16, 13, 26, 23, 5, 10, 21, 3, 14]",500,0.5,4096
151,1024,1.0,185384,182.3318459999973,"[0, 18, 6, 19, 11, 4, 12, 20, 17, 27, 24, 31, 8, 1, 29, 25, 28, 7, 3, 22, 15, 2, 9, 16, 13, 26, 23, 5, 10, 21, 3, 14]",500,0.5,4096
152,2048,1.0,185384,182.3318459999973,"[0, 18, 6, 19, 11, 4, 12, 20, 17, 27, 24, 31, 8, 1, 29, 25, 28, 7, 3, 22, 15, 2, 9, 16, 13, 26, 23, 5, 10, 21, 3, 14]",500,0.5,4096
153,4096,1.0,185384,182.3318459999973,"[0, 18, 6, 19, 11, 4, 12, 20, 17, 27, 24, 31, 8, 1, 29, 25, 28, 7, 3, 22, 15, 2, 9, 16, 13, 26, 23, 5, 10, 21, 3, 14]",500,0.5,4096
154,0,29.0,500,0.4609067999990657,"[6, 19, 28, 14, 10, 7, 28, 20, 6, 25, 18, 22, 10, 10, 23, 20, 3, 7, 23, 2, 21, 20, 1, 23, 11, 29, 5, 1, 31, 27, 20, 0]",500,0.6,4096
155,1,20.0,1002,1.0049505999995745,"[3, 5, 13, 26, 19, 14, 2, 27, 5, 5, 22, 24, 16, 5, 30, 28, 10, 15, 0, 4, 7, 10, 31, 14, 11, 4, 4, 24, 18, 30, 25, 17]",500,0.6,4096
156,2,17.0,1504,1.5358526000018173,"[12, 1, 22, 2, 31, 19, 7, 14, 28, 13, 18, 26, 6, 10, 3, 2, 3, 1, 29, 25, 20, 11, 4, 0, 26, 16, 21, 25, 9, 24, 26, 14]",500,0.6,4096
157,4,16.0,2507,2.510871099999349,"[2, 27, 27, 7, 22, 20, 3, 14, 28, 15, 3, 6, 12, 25, 13, 1, 5, 8, 16, 27, 31, 20, 0, 29, 19, 10, 5, 28, 11, 21, 28, 28]",500,0.6,4096
158,8,16.0,4511,4.500244999999268,"[2, 27, 27, 7, 22, 20, 3, 14, 28, 15, 3, 6, 12, 25, 13, 1, 5, 8, 16, 27, 31, 20, 0, 29, 19, 10, 5, 28, 11, 21, 28, 28]",500,0.6,4096
159,16,15.0,8520,8.640104199999769,"[16, 17, 9, 26, 31, 2, 28, 19, 10, 8, 18, 1, 1, 7, 23, 28, 12, 14, 23, 0, 5, 8, 28, 21, 25, 20, 10, 15, 12, 3, 16, 27]",500,0.6,4096
160,32,15.0,16536,16.59462809999968,"[16, 17, 9, 26, 31, 2, 28, 19, 10, 8, 18, 1, 1, 7, 23, 28, 12, 14, 23, 0, 5, 8, 28, 21, 25, 20, 10, 15, 12, 3, 16, 27]",500,0.6,4096
161,64,13.0,32570,32.51662040000156,"[3, 22, 15, 9, 12, 10, 2, 14, 28, 20, 18, 13, 8, 1, 13, 4, 17, 8, 16, 23, 30, 14, 0, 30, 7, 5, 5, 27, 31, 21, 27, 12]",500,0.6,4096
162,128,5.0,64641,65.62374089999867,"[3, 22, 15, 9, 12, 10, 2, 19, 28, 20, 29, 13, 26, 1, 13, 4, 17, 8, 16, 29, 6, 14, 0, 30, 7, 24, 11, 27, 18, 21, 25, 25]",500,0.6,4096
163,256,1.0,128773,127.30418040000222,"[3, 22, 15, 9, 12, 10, 2, 19, 28, 20, 29, 13, 26, 1, 31, 4, 17, 8, 16, 23, 7, 14, 0, 30, 7, 24, 6, 27, 18, 21, 11, 25]",500,0.6,4096
164,512,1.0,195406,192.34489300000132,"[3, 22, 15, 9, 12, 10, 2, 19, 28, 20, 29, 13, 26, 1, 31, 4, 17, 8, 16, 23, 7, 14, 0, 30, 7, 24, 6, 27, 18, 21, 11, 25]",500,0.6,4096
165,1024,1.0,195406,192.34489300000132,"[3, 22, 15, 9, 12, 10, 2, 19, 28, 20, 29, 13, 26, 1, 31, 4, 17, 8, 16, 23, 7, 14, 0, 30, 7, 24, 6, 27, 18, 21, 11, 25]",500,0.6,4096
166,2048,1.0,195406,192.34489300000132,"[3, 22, 15, 9, 12, 10, 2, 19, 28, 20, 29, 13, 26, 1, 31, 4, 17, 8, 16, 23, 7, 14, 0, 30, 7, 24, 6, 27, 18, 21, 11, 25]",500,0.6,4096
167,4096,1.0,195406,192.34489300000132,"[3, 22, 15, 9, 12, 10, 2, 19, 28, 20, 29, 13, 26, 1, 31, 4, 17, 8, 16, 23, 7, 14, 0, 30, 7, 24, 6, 27, 18, 21, 11, 25]",500,0.6,4096
168,0,29.0,1000,0.9748690999986138,"[6, 19, 28, 14, 10, 7, 28, 20, 6, 25, 18, 22, 10, 10, 23, 20, 3, 7, 23, 2, 21, 20, 1, 23, 11, 29, 5, 1, 31, 27, 20, 0]",1000,0.1,4096
169,1,20.0,2002,2.0296195999981137,"[21, 2, 22, 16, 14, 7, 0, 31, 30, 18, 1, 26, 31, 29, 21, 13, 23, 24, 18, 11, 9, 7, 28, 25, 27, 24, 27, 18, 24, 15, 19, 24]",1000,0.1,4096
170,2,18.0,3004,3.057138699998177,"[19, 27, 8, 21, 21, 6, 2, 7, 5, 13, 25, 23, 18, 9, 1, 0, 31, 11, 28, 30, 13, 8, 29, 15, 17, 30, 14, 16, 11, 2, 30, 15]",1000,0.1,4096
171,4,18.0,5006,5.032915899999352,"[19, 27, 8, 21, 21, 6, 2, 7, 5, 13, 25, 23, 18, 9, 1, 0, 31, 11, 28, 30, 13, 8, 29, 15, 17, 30, 14, 16, 11, 2, 30, 15]",1000,0.1,4096
172,8,17.0,9011,9.000263399997493,"[16, 2, 18, 11, 8, 4, 31, 12, 2, 27, 1, 1, 31, 25, 3, 1, 7, 13, 17, 16, 27, 24, 5, 3, 24, 19, 13, 22, 6, 0, 28, 1]",1000,0.1,4096
173,16,16.0,17020,16.83398279999892,"[13, 3, 7, 30, 10, 2, 1, 26, 12, 21, 26, 8, 4, 16, 22, 19, 2, 29, 27, 20, 5, 0, 31, 18, 11, 24, 24, 8, 2, 23, 2, 6]",1000,0.1,4096
174,32,15.0,33037,32.538475900000776,"[16, 31, 15, 13, 4, 10, 30, 7, 12, 29, 25, 0, 29, 0, 23, 16, 9, 28, 0, 11, 23, 5, 5, 27, 10, 27, 14, 17, 31, 21, 24, 26]",1000,0.1,4096
175,64,12.0,65070,63.8798930999983,"[11, 2, 0, 13, 28, 5, 31, 10, 0, 16, 11, 1, 24, 15, 30, 4, 7, 25, 21, 16, 26, 6, 17, 3, 5, 9, 14, 20, 10, 28, 28, 19]",1000,0.1,4096
176,128,11.0,129135,125.97487919999912,"[3, 23, 0, 17, 5, 10, 26, 18, 10, 5, 11, 30, 25, 3, 29, 31, 7, 11, 15, 7, 12, 6, 0, 27, 30, 9, 9, 4, 21, 28, 9, 20]",1000,0.1,4096
177,256,4.0,257269,251.7216961999984,"[8, 2, 15, 13, 21, 10, 30, 7, 1, 11, 25, 30, 9, 20, 26, 4, 14, 28, 0, 5, 23, 6, 0, 27, 4, 12, 22, 19, 3, 24, 29, 21]",1000,0.1,4096
178,512,1.0,480495,471.42144890000054,"[8, 31, 15, 13, 25, 10, 30, 7, 1, 11, 16, 2, 9, 20, 26, 4, 14, 28, 0, 5, 23, 6, 0, 27, 18, 12, 22, 19, 3, 24, 29, 21]",1000,0.1,4096
179,1024,1.0,480495,471.42144890000054,"[8, 31, 15, 13, 25, 10, 30, 7, 1, 11, 16, 2, 9, 20, 26, 4, 14, 28, 0, 5, 23, 6, 0, 27, 18, 12, 22, 19, 3, 24, 29, 21]",1000,0.1,4096
180,2048,1.0,480495,471.42144890000054,"[8, 31, 15, 13, 25, 10, 30, 7, 1, 11, 16, 2, 9, 20, 26, 4, 14, 28, 0, 5, 23, 6, 0, 27, 18, 12, 22, 19, 3, 24, 29, 21]",1000,0.1,4096
181,4096,1.0,480495,471.42144890000054,"[8, 31, 15, 13, 25, 10, 30, 7, 1, 11, 16, 2, 9, 20, 26, 4, 14, 28, 0, 5, 23, 6, 0, 27, 18, 12, 22, 19, 3, 24, 29, 21]",1000,0.1,4096
182,0,29.0,1000,0.8578274999999849,"[6, 19, 28, 14, 10, 7, 28, 20, 6, 25, 18, 22, 10, 10, 23, 20, 3, 7, 23, 2, 21, 20, 1, 23, 11, 29, 5, 1, 31, 27, 20, 0]",1000,0.2,4096
183,1,19.0,2002,1.8923261999989336,"[22, 24, 16, 27, 23, 17, 13, 8, 2, 3, 31, 18, 26, 22, 14, 5, 29, 26, 3, 21, 8, 12, 24, 9, 28, 11, 13, 0, 10, 13, 7, 15]",1000,0.2,4096
184,2,19.0,3003,2.910171999999875,"[22, 24, 16, 27, 23, 17, 13, 8, 2, 3, 31, 18, 26, 22, 14, 5, 29, 26, 3, 21, 8, 12, 24, 9, 28, 11, 13, 0, 10, 13, 7, 15]",1000,0.2,4096
185,4,19.0,5005,4.874973099998897,"[22, 24, 16, 27, 23, 17, 13, 8, 2, 3, 31, 18, 26, 22, 14, 5, 29, 26, 3, 21, 8, 12, 24, 9, 28, 11, 13, 0, 10, 13, 7, 15]",1000,0.2,4096
186,8,17.0,9011,8.794738299999153,"[7, 30, 22, 24, 30, 13, 2, 19, 24, 16, 23, 10, 3, 9, 2, 8, 25, 1, 31, 0, 1, 19, 5, 15, 6, 11, 20, 1, 7, 26, 24, 4]",1000,0.2,4096
187,16,13.0,17020,16.597338800002035,"[8, 5, 20, 2, 7, 25, 21, 30, 23, 11, 28, 3, 9, 24, 26, 1, 12, 27, 18, 6, 21, 8, 0, 3, 29, 8, 4, 16, 22, 13, 9, 4]",1000,0.2,4096
188,32,13.0,33036,32.46099580000009,"[8, 5, 20, 2, 7, 25, 21, 30, 23, 11, 28, 3, 9, 24, 26, 1, 12, 27, 18, 6, 21, 8, 0, 3, 29, 8, 4, 16, 22, 13, 9, 4]",1000,0.2,4096
189,64,13.0,65068,64.20736430000034,"[8, 5, 20, 2, 7, 25, 21, 30, 23, 11, 28, 3, 9, 24, 26, 1, 12, 27, 18, 6, 21, 8, 0, 3, 29, 8, 4, 16, 22, 13, 9, 4]",1000,0.2,4096
190,128,11.0,129134,127.61968849999903,"[4, 19, 13, 19, 24, 29, 1, 25, 29, 22, 22, 14, 27, 30, 0, 8, 3, 23, 20, 2, 10, 31, 18, 3, 6, 23, 15, 9, 7, 17, 21, 2]",1000,0.2,4096
191,256,1.0,257271,253.71295069999906,"[4, 19, 16, 28, 24, 12, 1, 26, 29, 6, 22, 14, 27, 30, 0, 8, 3, 27, 20, 2, 10, 5, 18, 31, 25, 23, 15, 9, 7, 17, 21, 11]",1000,0.2,4096
192,512,1.0,392406,401.59803309999916,"[4, 19, 16, 28, 24, 12, 1, 26, 29, 6, 22, 14, 27, 30, 0, 8, 3, 27, 20, 2, 10, 5, 18, 31, 25, 23, 15, 9, 7, 17, 21, 11]",1000,0.2,4096
193,1024,1.0,392406,401.59803309999916,"[4, 19, 16, 28, 24, 12, 1, 26, 29, 6, 22, 14, 27, 30, 0, 8, 3, 27, 20, 2, 10, 5, 18, 31, 25, 23, 15, 9, 7, 17, 21, 11]",1000,0.2,4096
194,2048,1.0,392406,401.59803309999916,"[4, 19, 16, 28, 24, 12, 1, 26, 29, 6, 22, 14, 27, 30, 0, 8, 3, 27, 20, 2, 10, 5, 18, 31, 25, 23, 15, 9, 7, 17, 21, 11]",1000,0.2,4096
195,4096,1.0,392406,401.59803309999916,"[4, 19, 16, 28, 24, 12, 1, 26, 29, 6, 22, 14, 27, 30, 0, 8, 3, 27, 20, 2, 10, 5, 18, 31, 25, 23, 15, 9, 7, 17, 21, 11]",1000,0.2,4096
196,0,29.0,1000,1.0174815999998827,"[6, 19, 28, 14, 10, 7, 28, 20, 6, 25, 18, 22, 10, 10, 23, 20, 3, 7, 23, 2, 21, 20, 1, 23, 11, 29, 5, 1, 31, 27, 20, 0]",1000,0.3,4096
197,1,17.0,2002,2.187890100001823,"[20, 29, 20, 18, 20, 23, 5, 7, 30, 28, 4, 12, 15, 5, 9, 20, 22, 24, 26, 12, 31, 22, 11, 3, 5, 25, 2, 15, 19, 16, 19, 8]",1000,0.3,4096
198,2,17.0,3003,3.3636755000006815,"[20, 29, 20, 18, 20, 23, 5, 7, 30, 28, 4, 12, 15, 5, 9, 20, 22, 24, 26, 12, 31, 22, 11, 3, 5, 25, 2, 15, 19, 16, 19, 8]",1000,0.3,4096
199,4,17.0,5005,5.553724500001408,"[20, 29, 20, 18, 20, 23, 5, 7, 30, 28, 4, 12, 15, 5, 9, 20, 22, 24, 26, 12, 31, 22, 11, 3, 5, 25, 2, 15, 19, 16, 19, 8]",1000,0.3,4096
200,8,15.0,9010,9.672428699999728,"[7, 28, 11, 18, 15, 3, 0, 18, 27, 0, 1, 8, 10, 23, 26, 15, 13, 0, 14, 2, 25, 3, 21, 31, 17, 6, 30, 0, 0, 24, 22, 19]",1000,0.3,4096
201,16,15.0,17018,18.501444100002118,"[7, 28, 11, 18, 15, 3, 0, 18, 27, 0, 1, 8, 10, 23, 26, 15, 13, 0, 14, 2, 25, 3, 21, 31, 17, 6, 30, 0, 0, 24, 22, 19]",1000,0.3,4096
202,32,15.0,33034,35.59692690000156,"[7, 28, 11, 18, 15, 3, 0, 18, 27, 0, 1, 8, 10, 23, 26, 15, 13, 0, 14, 2, 25, 3, 21, 31, 17, 6, 30, 0, 0, 24, 22, 19]",1000,0.3,4096
203,64,11.0,65068,70.13274559999991,"[14, 3, 21, 18, 15, 22, 10, 25, 0, 16, 29, 4, 28, 9, 20, 27, 21, 26, 31, 17, 30, 22, 11, 1, 14, 12, 2, 24, 3, 30, 11, 15]",1000,0.3,4096
204,128,10.0,129133,137.0895332,"[25, 0, 21, 18, 15, 22, 10, 2, 0, 16, 29, 4, 28, 9, 20, 27, 1, 7, 31, 17, 3, 8, 11, 5, 13, 5, 2, 24, 19, 30, 8, 15]",1000,0.3,4096
205,256,1.0,257269,270.4766339000016,"[14, 0, 13, 18, 7, 22, 10, 25, 0, 16, 8, 6, 28, 9, 20, 27, 21, 26, 31, 29, 3, 23, 11, 1, 17, 5, 2, 4, 19, 30, 24, 15]",1000,0.3,4096
206,512,1.0,382394,415.94140060000063,"[14, 0, 13, 18, 7, 22, 10, 25, 0, 16, 8, 6, 28, 9, 20, 27, 21, 26, 31, 29, 3, 23, 11, 1, 17, 5, 2, 4, 19, 30, 24, 15]",1000,0.3,4096
207,1024,1.0,382394,415.94140060000063,"[14, 0, 13, 18, 7, 22, 10, 25, 0, 16, 8, 6, 28, 9, 20, 27, 21, 26, 31, 29, 3, 23, 11, 1, 17, 5, 2, 4, 19, 30, 24, 15]",1000,0.3,4096
208,2048,1.0,382394,415.94140060000063,"[14, 0, 13, 18, 7, 22, 10, 25, 0, 16, 8, 6, 28, 9, 20, 27, 21, 26, 31, 29, 3, 23, 11, 1, 17, 5, 2, 4, 19, 30, 24, 15]",1000,0.3,4096
209,4096,1.0,382394,415.94140060000063,"[14, 0, 13, 18, 7, 22, 10, 25, 0, 16, 8, 6, 28, 9, 20, 27, 21, 26, 31, 29, 3, 23, 11, 1, 17, 5, 2, 4, 19, 30, 24, 15]",1000,0.3,4096
210,0,29.0,1000,1.1247953999991296,"[6, 19, 28, 14, 10, 7, 28, 20, 6, 25, 18, 22, 10, 10, 23, 20, 3, 7, 23, 2, 21, 20, 1, 23, 11, 29, 5, 1, 31, 27, 20, 0]",1000,0.4,4096
211,1,20.0,2002,2.465391900001123,"[18, 11, 9, 4, 26, 5, 15, 17, 11, 30, 23, 14, 31, 22, 18, 6, 2, 31, 20, 27, 31, 13, 18, 13, 2, 13, 27, 10, 3, 16, 15, 7]",1000,0.4,4096
212,2,18.0,3004,3.717394700001023,"[20, 7, 31, 12, 18, 2, 4, 2, 6, 27, 3, 23, 4, 17, 28, 14, 31, 1, 0, 21, 15, 6, 7, 5, 0, 20, 26, 16, 29, 30, 11, 27]",1000,0.4,4096
213,4,16.0,5007,6.365931600001204,"[18, 1, 29, 24, 10, 0, 4, 0, 7, 29, 14, 5, 20, 30, 26, 8, 3, 21, 3, 1, 29, 0, 12, 23, 29, 11, 2, 23, 19, 25, 14, 17]",1000,0.4,4096
214,8,16.0,9011,11.362941100000171,"[18, 1, 29, 24, 10, 0, 4, 0, 7, 29, 14, 5, 20, 30, 26, 8, 3, 21, 3, 1, 29, 0, 12, 23, 29, 11, 2, 23, 19, 25, 14, 17]",1000,0.4,4096
215,16,15.0,17020,22.234853800000565,"[24, 7, 5, 21, 8, 26, 11, 29, 19, 7, 25, 10, 20, 1, 30, 9, 7, 31, 20, 29, 29, 1, 17, 23, 4, 14, 4, 28, 5, 16, 27, 16]",1000,0.4,4096
216,32,14.0,33037,41.849451000001864,"[18, 11, 5, 14, 20, 26, 4, 21, 28, 6, 10, 29, 31, 8, 22, 14, 5, 2, 9, 24, 3, 17, 24, 30, 27, 16, 12, 7, 25, 1, 9, 2]",1000,0.4,4096
217,64,12.0,65071,76.71420260000014,"[1, 7, 12, 2, 26, 11, 11, 21, 23, 3, 30, 0, 17, 20, 6, 31, 24, 8, 3, 13, 18, 25, 4, 9, 27, 22, 15, 23, 9, 29, 23, 5]",1000,0.4,4096
218,128,10.0,129136,146.0092560000012,"[13, 29, 13, 0, 8, 26, 4, 31, 15, 28, 10, 20, 20, 30, 26, 2, 17, 5, 9, 22, 25, 27, 17, 3, 5, 21, 1, 23, 0, 5, 12, 16]",1000,0.4,4096
219,256,1.0,257272,286.53327980000176,"[13, 8, 20, 22, 25, 15, 1, 21, 6, 10, 26, 0, 4, 30, 18, 2, 31, 7, 9, 18, 29, 27, 24, 3, 17, 19, 14, 23, 11, 5, 12, 28]",1000,0.4,4096
220,512,1.0,450465,492.1840169999996,"[13, 8, 20, 22, 25, 15, 1, 21, 6, 10, 26, 0, 4, 30, 18, 2, 31, 7, 9, 18, 29, 27, 24, 3, 17, 19, 14, 23, 11, 5, 12, 28]",1000,0.4,4096
221,1024,1.0,450465,492.1840169999996,"[13, 8, 20, 22, 25, 15, 1, 21, 6, 10, 26, 0, 4, 30, 18, 2, 31, 7, 9, 18, 29, 27, 24, 3, 17, 19, 14, 23, 11, 5, 12, 28]",1000,0.4,4096
222,2048,1.0,450465,492.1840169999996,"[13, 8, 20, 22, 25, 15, 1, 21, 6, 10, 26, 0, 4, 30, 18, 2, 31, 7, 9, 18, 29, 27, 24, 3, 17, 19, 14, 23, 11, 5, 12, 28]",1000,0.4,4096
223,4096,1.0,450465,492.1840169999996,"[13, 8, 20, 22, 25, 15, 1, 21, 6, 10, 26, 0, 4, 30, 18, 2, 31, 7, 9, 18, 29, 27, 24, 3, 17, 19, 14, 23, 11, 5, 12, 28]",1000,0.4,4096
224,0,29.0,1000,0.9684756000024208,"[6, 19, 28, 14, 10, 7, 28, 20, 6, 25, 18, 22, 10, 10, 23, 20, 3, 7, 23, 2, 21, 20, 1, 23, 11, 29, 5, 1, 31, 27, 20, 0]",1000,0.5,4096
225,1,20.0,2002,2.1476121000014246,"[9, 5, 13, 21, 6, 6, 26, 21, 20, 14, 29, 12, 7, 23, 27, 1, 4, 14, 3, 5, 22, 25, 29, 19, 17, 28, 18, 10, 17, 0, 12, 6]",1000,0.5,4096
226,2,18.0,3004,3.2324177000009513,"[15, 21, 7, 4, 10, 26, 1, 16, 12, 23, 23, 2, 4, 6, 24, 30, 2, 29, 20, 17, 28, 9, 17, 22, 4, 8, 24, 31, 7, 13, 3, 6]",1000,0.5,4096
227,4,16.0,5007,5.373416400001588,"[26, 28, 19, 4, 16, 23, 2, 6, 16, 14, 7, 27, 10, 23, 24, 3, 18, 1, 12, 20, 15, 29, 25, 27, 10, 8, 20, 17, 9, 2, 21, 2]",1000,0.5,4096
228,8,16.0,9011,9.600121999999828,"[26, 28, 19, 4, 16, 23, 2, 6, 16, 14, 7, 27, 10, 23, 24, 3, 18, 1, 12, 20, 15, 29, 25, 27, 10, 8, 20, 17, 9, 2, 21, 2]",1000,0.5,4096
229,16,14.0,17020,17.829785800000536,"[24, 2, 13, 31, 3, 25, 0, 16, 29, 15, 14, 7, 11, 0, 30, 10, 26, 9, 11, 17, 1, 28, 22, 5, 29, 2, 17, 20, 12, 4, 2, 27]",1000,0.5,4096
230,32,13.0,33037,34.3230973000027,"[19, 28, 6, 31, 10, 5, 1, 16, 1, 6, 25, 17, 4, 0, 5, 3, 14, 22, 7, 29, 27, 15, 18, 26, 30, 20, 12, 29, 0, 13, 13, 30]",1000,0.5,4096
231,64,13.0,65069,66.09543119999944,"[19, 28, 6, 31, 10, 5, 1, 16, 1, 6, 25, 17, 4, 0, 5, 3, 14, 22, 7, 29, 27, 15, 18, 26, 30, 20, 12, 29, 0, 13, 13, 30]",1000,0.5,4096
232,128,12.0,129134,132.48254480000105,"[15, 21, 6, 31, 10, 26, 11, 18, 12, 12, 19, 2, 4, 6, 27, 25, 16, 29, 20, 17, 28, 18, 23, 22, 1, 8, 28, 5, 0, 13, 1, 6]",1000,0.5,4096
233,256,1.0,257271,266.3767322999993,"[15, 21, 7, 31, 10, 26, 1, 18, 27, 23, 19, 12, 4, 6, 30, 5, 2, 29, 20, 17, 28, 9, 25, 22, 3, 8, 11, 16, 0, 13, 24, 8]",1000,0.5,4096
234,512,0.0,331346,345.47772500000065,"[15, 21, 7, 31, 10, 26, 1, 14, 27, 23, 19, 12, 4, 6, 30, 5, 2, 29, 20, 17, 28, 18, 25, 22, 3, 8, 11, 16, 0, 13, 24, 9]",1000,0.5,4096
235,1024,0.0,331346,345.47772500000065,"[15, 21, 7, 31, 10, 26, 1, 14, 27, 23, 19, 12, 4, 6, 30, 5, 2, 29, 20, 17, 28, 18, 25, 22, 3, 8, 11, 16, 0, 13, 24, 9]",1000,0.5,4096
236,2048,0.0,331346,345.47772500000065,"[15, 21, 7, 31, 10, 26, 1, 14, 27, 23, 19, 12, 4, 6, 30, 5, 2, 29, 20, 17, 28, 18, 25, 22, 3, 8, 11, 16, 0, 13, 24, 9]",1000,0.5,4096
237,4096,0.0,331346,345.47772500000065,"[15, 21, 7, 31, 10, 26, 1, 14, 27, 23, 19, 12, 4, 6, 30, 5, 2, 29, 20, 17, 28, 18, 25, 22, 3, 8, 11, 16, 0, 13, 24, 9]",1000,0.5,4096
238,0,29.0,1000,0.9520083999996132,"[6, 19, 28, 14, 10, 7, 28, 20, 6, 25, 18, 22, 10, 10, 23, 20, 3, 7, 23, 2, 21, 20, 1, 23, 11, 29, 5, 1, 31, 27, 20, 0]",1000,0.6,4096
239,1,17.0,2002,2.0948008999985177,"[5, 25, 21, 28, 6, 17, 16, 23, 26, 30, 9, 8, 27, 27, 3, 14, 29, 23, 14, 29, 18, 30, 22, 19, 31, 12, 21, 7, 18, 4, 20, 12]",1000,0.6,4096
240,2,17.0,3003,3.166152999998303,"[5, 25, 21, 28, 6, 17, 16, 23, 26, 30, 9, 8, 27, 27, 3, 14, 29, 23, 14, 29, 18, 30, 22, 19, 31, 12, 21, 7, 18, 4, 20, 12]",1000,0.6,4096
241,4,17.0,5005,5.2430062999992515,"[5, 25, 21, 28, 6, 17, 16, 23, 26, 30, 9, 8, 27, 27, 3, 14, 29, 23, 14, 29, 18, 30, 22, 19, 31, 12, 21, 7, 18, 4, 20, 12]",1000,0.6,4096
242,8,17.0,9009,9.533090000000811,"[5, 25, 21, 28, 6, 17, 16, 23, 26, 30, 9, 8, 27, 27, 3, 14, 29, 23, 14, 29, 18, 30, 22, 19, 31, 12, 21, 7, 18, 4, 20, 12]",1000,0.6,4096
243,16,15.0,17019,17.897658099998807,"[29, 1, 3, 9, 11, 19, 15, 20, 24, 27, 8, 2, 14, 28, 31, 28, 21, 0, 30, 4, 31, 8, 0, 23, 14, 18, 5, 31, 18, 26, 3, 23]",1000,0.6,4096
244,32,14.0,33036,34.640836200000194,"[19, 14, 15, 11, 5, 6, 1, 30, 28, 31, 20, 7, 27, 12, 30, 20, 6, 6, 9, 5, 8, 21, 26, 26, 21, 0, 2, 14, 28, 22, 13, 23]",1000,0.6,4096
245,64,14.0,65068,68.4018658999994,"[19, 14, 15, 11, 5, 6, 1, 30, 28, 31, 20, 7, 27, 12, 30, 20, 6, 6, 9, 5, 8, 21, 26, 26, 21, 0, 2, 14, 28, 22, 13, 23]",1000,0.6,4096
246,128,11.0,129135,136.20173140000043,"[17, 25, 0, 28, 30, 1, 11, 2, 0, 16, 22, 12, 31, 24, 19, 0, 30, 27, 21, 23, 4, 8, 19, 29, 4, 31, 4, 26, 10, 5, 18, 14]",1000,0.6,4096
247,256,5.0,257268,298.5060506000009,"[16, 6, 1, 9, 11, 19, 15, 25, 31, 20, 4, 2, 8, 28, 22, 10, 29, 27, 30, 4, 22, 7, 0, 23, 14, 18, 5, 31, 12, 26, 17, 11]",1000,0.6,4096
248,512,1.0,513528,677.720395100001,"[16, 1, 3, 9, 11, 19, 15, 25, 27, 20, 23, 2, 8, 28, 31, 10, 21, 0, 30, 4, 22, 7, 0, 26, 14, 18, 5, 24, 12, 17, 29, 13]",1000,0.6,4096
249,1024,1.0,560575,745.8618456000004,"[16, 1, 3, 9, 11, 19, 15, 25, 27, 20, 23, 2, 8, 28, 31, 10, 21, 0, 30, 4, 22, 7, 0, 26, 14, 18, 5, 24, 12, 17, 29, 13]",1000,0.6,4096
250,2048,1.0,560575,745.8618456000004,"[16, 1, 3, 9, 11, 19, 15, 25, 27, 20, 23, 2, 8, 28, 31, 10, 21, 0, 30, 4, 22, 7, 0, 26, 14, 18, 5, 24, 12, 17, 29, 13]",1000,0.6,4096
251,4096,1.0,560575,745.8618456000004,"[16, 1, 3, 9, 11, 19, 15, 25, 27, 20, 23, 2, 8, 28, 31, 10, 21, 0, 30, 4, 22, 7, 0, 26, 14, 18, 5, 24, 12, 17, 29, 13]",1000,0.6,4096
252,0,29.0,2000,2.8060531000010087,"[6, 19, 28, 14, 10, 7, 28, 20, 6, 25, 18, 22, 10, 10, 23, 20, 3, 7, 23, 2, 21, 20, 1, 23, 11, 29, 5, 1, 31, 27, 20, 0]",2000,0.1,4096
253,1,19.0,4002,5.782117899998411,"[8, 16, 28, 22, 0, 19, 15, 22, 31, 14, 27, 21, 18, 11, 4, 25, 10, 16, 24, 30, 23, 18, 25, 3, 3, 29, 19, 11, 17, 15, 26, 9]",2000,0.1,4096
254,2,17.0,6004,8.905289400001493,"[22, 4, 30, 7, 12, 14, 29, 30, 3, 30, 25, 2, 26, 1, 15, 13, 8, 23, 11, 17, 19, 7, 4, 4, 21, 27, 6, 28, 31, 24, 4, 2]",2000,0.1,4096
255,4,17.0,10006,14.809906899998168,"[22, 4, 30, 7, 12, 14, 29, 30, 3, 30, 25, 2, 26, 1, 15, 13, 8, 23, 11, 17, 19, 7, 4, 4, 21, 27, 6, 28, 31, 24, 4, 2]",2000,0.1,4096
256,8,17.0,18010,26.516596800000116,"[22, 4, 30, 7, 12, 14, 29, 30, 3, 30, 25, 2, 26, 1, 15, 13, 8, 23, 11, 17, 19, 7, 4, 4, 21, 27, 6, 28, 31, 24, 4, 2]",2000,0.1,4096
257,16,15.0,34019,50.02772719999848,"[6, 12, 28, 0, 8, 26, 20, 22, 11, 17, 30, 13, 20, 1, 23, 3, 27, 18, 15, 18, 4, 7, 14, 2, 9, 19, 9, 14, 24, 10, 29, 22]",2000,0.1,4096
258,32,14.0,66036,97.27748449999854,"[15, 19, 2, 30, 11, 14, 12, 2, 31, 2, 4, 13, 26, 10, 23, 2, 29, 27, 18, 27, 7, 3, 20, 27, 4, 0, 21, 8, 31, 17, 22, 1]",2000,0.1,4096
259,64,12.0,130070,189.88635050000084,"[17, 8, 23, 13, 9, 27, 2, 16, 3, 31, 15, 24, 30, 2, 12, 9, 22, 29, 0, 18, 13, 6, 7, 7, 25, 27, 2, 14, 19, 26, 21, 23]",2000,0.1,4096
260,128,12.0,258134,374.4554970999998,"[17, 8, 23, 13, 9, 27, 2, 16, 3, 31, 15, 24, 30, 2, 12, 9, 22, 29, 0, 18, 13, 6, 7, 7, 25, 27, 2, 14, 19, 26, 21, 23]",2000,0.1,4096
261,256,10.0,514263,618.1482394999985,"[16, 7, 28, 24, 8, 15, 23, 19, 1, 4, 30, 14, 26, 2, 5, 9, 31, 0, 0, 27, 25, 13, 21, 25, 8, 4, 14, 17, 0, 10, 23, 29]",2000,0.1,4096
262,512,2.0,1026526,1147.367448099998,"[16, 7, 28, 24, 1, 30, 23, 19, 15, 4, 11, 22, 26, 2, 5, 9, 31, 3, 0, 27, 25, 13, 21, 18, 8, 12, 14, 17, 0, 10, 6, 29]",2000,0.1,4096
263,1024,2.0,1222624,1346.5080116999998,"[16, 7, 28, 24, 1, 30, 23, 19, 15, 4, 11, 22, 26, 2, 5, 9, 31, 3, 0, 27, 25, 13, 21, 18, 8, 12, 14, 17, 0, 10, 6, 29]",2000,0.1,4096
264,2048,2.0,1222624,1346.5080116999998,"[16, 7, 28, 24, 1, 30, 23, 19, 15, 4, 11, 22, 26, 2, 5, 9, 31, 3, 0, 27, 25, 13, 21, 18, 8, 12, 14, 17, 0, 10, 6, 29]",2000,0.1,4096
265,4096,2.0,1222624,1346.5080116999998,"[16, 7, 28, 24, 1, 30, 23, 19, 15, 4, 11, 22, 26, 2, 5, 9, 31, 3, 0, 27, 25, 13, 21, 18, 8, 12, 14, 17, 0, 10, 6, 29]",2000,0.1,4096
266,0,29.0,2000,1.903993600000831,"[6, 19, 28, 14, 10, 7, 28, 20, 6, 25, 18, 22, 10, 10, 23, 20, 3, 7, 23, 2, 21, 20, 1, 23, 11, 29, 5, 1, 31, 27, 20, 0]",2000,0.2,4096
267,1,18.0,4002,3.993768699998327,"[27, 26, 6, 16, 24, 20, 2, 11, 13, 17, 3, 5, 29, 12, 29, 31, 21, 25, 5, 19, 4, 10, 14, 29, 25, 7, 21, 12, 30, 29, 2, 22]",2000,0.2,4096
268,2,18.0,6003,6.149914800000261,"[27, 26, 6, 16, 24, 20, 2, 11, 13, 17, 3, 5, 29, 12, 29, 31, 21, 25, 5, 19, 4, 10, 14, 29, 25, 7, 21, 12, 30, 29, 2, 22]",2000,0.2,4096
269,4,17.0,10006,10.260656700000254,"[12, 28, 13, 22, 14, 10, 5, 31, 12, 30, 7, 21, 19, 9, 2, 22, 3, 10, 27, 8, 20, 16, 6, 24, 30, 23, 25, 16, 5, 5, 10, 18]",2000,0.2,4096
270,8,15.0,18012,18.33611970000129,"[0, 18, 12, 28, 9, 17, 3, 11, 16, 12, 30, 5, 0, 15, 16, 30, 20, 18, 25, 14, 7, 27, 10, 6, 14, 26, 4, 23, 14, 29, 4, 15]",2000,0.2,4096
271,16,14.0,34021,34.6746905,"[9, 18, 25, 3, 22, 25, 7, 18, 24, 28, 8, 4, 11, 16, 6, 31, 29, 4, 23, 1, 16, 27, 0, 17, 7, 30, 21, 3, 14, 20, 12, 27]",2000,0.2,4096
272,32,12.0,66038,67.51947999999902,"[4, 26, 26, 15, 13, 28, 7, 25, 1, 26, 29, 31, 9, 12, 16, 3, 21, 30, 5, 0, 11, 7, 29, 17, 12, 1, 20, 30, 24, 14, 8, 22]",2000,0.2,4096
273,64,12.0,130070,134.3537920000017,"[4, 26, 26, 15, 13, 28, 7, 25, 1, 26, 29, 31, 9, 12, 16, 3, 21, 30, 5, 0, 11, 7, 29, 17, 12, 1, 20, 30, 24, 14, 8, 22]",2000,0.2,4096
274,128,12.0,258134,268.4862494000008,"[4, 26, 26, 15, 13, 28, 7, 25, 1, 26, 29, 31, 9, 12, 16, 3, 21, 30, 5, 0, 11, 7, 29, 17, 12, 1, 20, 30, 24, 14, 8, 22]",2000,0.2,4096
275,256,9.0,514265,529.2614412000003,"[31, 19, 23, 7, 13, 24, 5, 29, 10, 3, 17, 4, 25, 30, 27, 20, 14, 28, 16, 0, 8, 1, 22, 29, 3, 28, 0, 19, 11, 21, 12, 26]",2000,0.2,4096
276,512,3.0,1026525,1055.0629962999992,"[17, 19, 4, 24, 27, 18, 6, 1, 13, 21, 30, 7, 2, 25, 15, 1, 20, 28, 26, 3, 8, 14, 11, 29, 31, 23, 0, 22, 11, 5, 12, 10]",2000,0.2,4096
277,1024,0.0,1060545,1089.9425295,"[17, 19, 4, 6, 27, 18, 21, 1, 13, 23, 30, 7, 2, 25, 15, 31, 20, 28, 16, 3, 8, 14, 11, 29, 24, 5, 0, 22, 9, 26, 12, 10]",2000,0.2,4096
278,2048,0.0,1060545,1089.9425295,"[17, 19, 4, 6, 27, 18, 21, 1, 13, 23, 30, 7, 2, 25, 15, 31, 20, 28, 16, 3, 8, 14, 11, 29, 24, 5, 0, 22, 9, 26, 12, 10]",2000,0.2,4096
279,4096,0.0,1060545,1089.9425295,"[17, 19, 4, 6, 27, 18, 21, 1, 13, 23, 30, 7, 2, 25, 15, 31, 20, 28, 16, 3, 8, 14, 11, 29, 24, 5, 0, 22, 9, 26, 12, 10]",2000,0.2,4096
280,0,29.0,2000,1.9084169999987353,"[6, 19, 28, 14, 10, 7, 28, 20, 6, 25, 18, 22, 10, 10, 23, 20, 3, 7, 23, 2, 21, 20, 1, 23, 11, 29, 5, 1, 31, 27, 20, 0]",2000,0.3,4096
281,1,20.0,4002,4.06041660000119,"[14, 21, 30, 16, 10, 3, 6, 0, 18, 8, 31, 26, 12, 17, 15, 22, 19, 27, 25, 10, 11, 30, 5, 2, 29, 3, 14, 21, 3, 16, 7, 14]",2000,0.3,4096
282,2,17.0,6004,6.178523300000961,"[15, 1, 11, 11, 23, 7, 13, 16, 29, 30, 4, 24, 26, 8, 12, 21, 17, 19, 22, 29, 10, 7, 9, 18, 10, 8, 6, 15, 25, 25, 22, 16]",2000,0.3,4096
283,4,15.0,10007,10.312548800000513,"[27, 7, 26, 12, 18, 26, 4, 25, 15, 3, 17, 27, 29, 1, 12, 4, 26, 20, 29, 16, 30, 14, 24, 6, 24, 9, 6, 26, 23, 10, 31, 5]",2000,0.3,4096
284,8,15.0,18011,18.64074360000086,"[27, 7, 26, 12, 18, 26, 4, 25, 15, 3, 17, 27, 29, 1, 12, 4, 26, 20, 29, 16, 30, 14, 24, 6, 24, 9, 6, 26, 23, 10, 31, 5]",2000,0.3,4096
285,16,15.0,34019,34.95464189999984,"[27, 7, 26, 12, 18, 26, 4, 25, 15, 3, 17, 27, 29, 1, 12, 4, 26, 20, 29, 16, 30, 14, 24, 6, 24, 9, 6, 26, 23, 10, 31, 5]",2000,0.3,4096
286,32,14.0,66036,67.6043041999983,"[11, 5, 16, 26, 29, 3, 0, 17, 1, 18, 16, 20, 3, 9, 3, 30, 6, 0, 24, 22, 12, 2, 8, 25, 19, 25, 23, 7, 0, 4, 15, 5]",2000,0.3,4096
287,64,13.0,130069,131.99519439999858,"[19, 31, 4, 12, 4, 26, 28, 0, 15, 9, 14, 3, 13, 14, 25, 11, 31, 30, 26, 2, 13, 8, 6, 18, 14, 5, 23, 16, 27, 21, 8, 29]",2000,0.3,4096
288,128,11.0,258134,265.24161869999807,"[20, 24, 27, 2, 13, 7, 5, 2, 26, 19, 16, 12, 3, 9, 29, 22, 6, 31, 23, 30, 12, 0, 19, 4, 28, 25, 14, 18, 31, 17, 15, 29]",2000,0.3,4096
289,256,6.0,514267,529.2512400000014,"[20, 25, 16, 2, 13, 20, 0, 17, 11, 28, 1, 4, 19, 1, 26, 31, 5, 30, 24, 30, 12, 2, 8, 18, 14, 3, 9, 23, 10, 4, 15, 29]",2000,0.3,4096
290,512,0.0,730380,762.2731811999984,"[20, 25, 16, 0, 13, 7, 27, 17, 11, 28, 1, 4, 19, 14, 26, 31, 6, 22, 24, 30, 12, 2, 8, 18, 23, 3, 9, 21, 10, 5, 15, 29]",2000,0.3,4096
291,1024,0.0,730380,762.2731811999984,"[20, 25, 16, 0, 13, 7, 27, 17, 11, 28, 1, 4, 19, 14, 26, 31, 6, 22, 24, 30, 12, 2, 8, 18, 23, 3, 9, 21, 10, 5, 15, 29]",2000,0.3,4096
292,2048,0.0,730380,762.2731811999984,"[20, 25, 16, 0, 13, 7, 27, 17, 11, 28, 1, 4, 19, 14, 26, 31, 6, 22, 24, 30, 12, 2, 8, 18, 23, 3, 9, 21, 10, 5, 15, 29]",2000,0.3,4096
293,4096,0.0,730380,762.2731811999984,"[20, 25, 16, 0, 13, 7, 27, 17, 11, 28, 1, 4, 19, 14, 26, 31, 6, 22, 24, 30, 12, 2, 8, 18, 23, 3, 9, 21, 10, 5, 15, 29]",2000,0.3,4096
294,0,29.0,2000,2.2122099999978673,"[6, 19, 28, 14, 10, 7, 28, 20, 6, 25, 18, 22, 10, 10, 23, 20, 3, 7, 23, 2, 21, 20, 1, 23, 11, 29, 5, 1, 31, 27, 20, 0]",2000,0.4,4096
295,1,16.0,4002,4.597876899999392,"[2, 11, 7, 29, 22, 28, 13, 8, 12, 0, 13, 5, 23, 14, 27, 29, 1, 7, 23, 31, 28, 16, 18, 21, 24, 21, 19, 15, 6, 6, 17, 5]",2000,0.4,4096
296,2,16.0,6003,7.0821724999987055,"[2, 11, 7, 29, 22, 28, 13, 8, 12, 0, 13, 5, 23, 14, 27, 29, 1, 7, 23, 31, 28, 16, 18, 21, 24, 21, 19, 15, 6, 6, 17, 5]",2000,0.4,4096
297,4,16.0,10005,11.498160499999358,"[2, 11, 7, 29, 22, 28, 13, 8, 12, 0, 13, 5, 23, 14, 27, 29, 1, 7, 23, 31, 28, 16, 18, 21, 24, 21, 19, 15, 6, 6, 17, 5]",2000,0.4,4096
298,8,16.0,18009,20.458512999997765,"[2, 11, 7, 29, 22, 28, 13, 8, 12, 0, 13, 5, 23, 14, 27, 29, 1, 7, 23, 31, 28, 16, 18, 21, 24, 21, 19, 15, 6, 6, 17, 5]",2000,0.4,4096
299,16,14.0,34018,39.38506699999925,"[20, 17, 30, 9, 5, 8, 9, 19, 22, 24, 0, 0, 1, 10, 21, 29, 8, 28, 1, 2, 11, 7, 15, 23, 4, 29, 12, 11, 27, 14, 18, 25]",2000,0.4,4096
300,32,14.0,66034,81.32095649999974,"[20, 17, 30, 9, 5, 8, 9, 19, 22, 24, 0, 0, 1, 10, 21, 29, 8, 28, 1, 2, 11, 7, 15, 23, 4, 29, 12, 11, 27, 14, 18, 25]",2000,0.4,4096
301,64,11.0,130068,163.68913809999867,"[20, 17, 30, 9, 5, 0, 8, 19, 22, 24, 31, 1, 1, 10, 21, 29, 20, 28, 1, 2, 30, 30, 15, 23, 4, 29, 12, 30, 27, 14, 18, 25]",2000,0.4,4096
302,128,11.0,258132,326.58466099999714,"[20, 17, 30, 9, 5, 0, 8, 19, 22, 24, 31, 1, 1, 10, 21, 29, 20, 28, 1, 2, 30, 30, 15, 23, 4, 29, 12, 30, 27, 14, 18, 25]",2000,0.4,4096
303,256,1.0,514270,631.1901005999971,"[20, 17, 30, 9, 5, 1, 8, 19, 16, 24, 31, 6, 22, 10, 21, 7, 3, 28, 31, 2, 11, 26, 15, 23, 4, 29, 12, 0, 27, 14, 18, 25]",2000,0.4,4096
304,512,1.0,852439,1074.863783599998,"[20, 17, 30, 9, 5, 1, 8, 19, 16, 24, 31, 6, 22, 10, 21, 7, 3, 28, 31, 2, 11, 26, 15, 23, 4, 29, 12, 0, 27, 14, 18, 25]",2000,0.4,4096
305,1024,1.0,852439,1074.863783599998,"[20, 17, 30, 9, 5, 1, 8, 19, 16, 24, 31, 6, 22, 10, 21, 7, 3, 28, 31, 2, 11, 26, 15, 23, 4, 29, 12, 0, 27, 14, 18, 25]",2000,0.4,4096
306,2048,1.0,852439,1074.863783599998,"[20, 17, 30, 9, 5, 1, 8, 19, 16, 24, 31, 6, 22, 10, 21, 7, 3, 28, 31, 2, 11, 26, 15, 23, 4, 29, 12, 0, 27, 14, 18, 25]",2000,0.4,4096
307,4096,1.0,852439,1074.863783599998,"[20, 17, 30, 9, 5, 1, 8, 19, 16, 24, 31, 6, 22, 10, 21, 7, 3, 28, 31, 2, 11, 26, 15, 23, 4, 29, 12, 0, 27, 14, 18, 25]",2000,0.4,4096
308,0,29.0,2000,2.486534200001188,"[6, 19, 28, 14, 10, 7, 28, 20, 6, 25, 18, 22, 10, 10, 23, 20, 3, 7, 23, 2, 21, 20, 1, 23, 11, 29, 5, 1, 31, 27, 20, 0]",2000,0.5,4096
309,1,16.0,4002,5.114788999999291,"[2, 11, 7, 29, 22, 28, 13, 8, 12, 0, 13, 5, 23, 14, 27, 29, 1, 7, 23, 31, 28, 16, 18, 21, 24, 21, 19, 15, 6, 6, 17, 5]",2000,0.5,4096
310,2,16.0,6003,7.801813800000673,"[2, 11, 7, 29, 22, 28, 13, 8, 12, 0, 13, 5, 23, 14, 27, 29, 1, 7, 23, 31, 28, 16, 18, 21, 24, 21, 19, 15, 6, 6, 17, 5]",2000,0.5,4096
311,4,16.0,10005,13.002282500001456,"[2, 11, 7, 29, 22, 28, 13, 8, 12, 0, 13, 5, 23, 14, 27, 29, 1, 7, 23, 31, 28, 16, 18, 21, 24, 21, 19, 15, 6, 6, 17, 5]",2000,0.5,4096
312,8,16.0,18009,22.852073000001837,"[2, 11, 7, 29, 22, 28, 13, 8, 12, 0, 13, 5, 23, 14, 27, 29, 1, 7, 23, 31, 28, 16, 18, 21, 24, 21, 19, 15, 6, 6, 17, 5]",2000,0.5,4096
313,16,14.0,34019,43.08249480000086,"[18, 12, 31, 11, 8, 26, 29, 3, 24, 8, 5, 2, 22, 7, 2, 13, 30, 2, 5, 22, 25, 21, 1, 29, 25, 0, 31, 0, 6, 22, 14, 17]",2000,0.5,4096
314,32,13.0,66036,91.09353399999964,"[30, 8, 26, 29, 3, 22, 10, 7, 2, 28, 23, 27, 17, 23, 12, 3, 5, 0, 11, 1, 28, 19, 8, 29, 25, 0, 28, 14, 3, 6, 9, 12]",2000,0.5,4096
315,64,13.0,130068,175.9601986000016,"[30, 8, 26, 29, 3, 22, 10, 7, 2, 28, 23, 27, 17, 23, 12, 3, 5, 0, 11, 1, 28, 19, 8, 29, 25, 0, 28, 14, 3, 6, 9, 12]",2000,0.5,4096
316,128,10.0,258135,342.1821574000023,"[16, 13, 13, 24, 0, 3, 3, 29, 10, 8, 0, 2, 26, 30, 23, 25, 7, 4, 6, 1, 12, 21, 28, 16, 28, 26, 2, 22, 5, 0, 14, 25]",2000,0.5,4096
317,256,9.0,514264,658.0301117000017,"[29, 13, 13, 24, 31, 3, 3, 29, 10, 8, 0, 2, 26, 30, 23, 25, 7, 4, 6, 1, 12, 21, 28, 16, 28, 26, 2, 22, 5, 15, 14, 25]",2000,0.5,4096
318,512,0.0,674352,857.1560989000027,"[16, 13, 20, 24, 27, 3, 19, 29, 10, 8, 0, 15, 26, 30, 23, 25, 7, 4, 6, 1, 12, 21, 28, 31, 9, 5, 2, 22, 11, 18, 14, 17]",2000,0.5,4096
319,1024,0.0,674352,857.1560989000027,"[16, 13, 20, 24, 27, 3, 19, 29, 10, 8, 0, 15, 26, 30, 23, 25, 7, 4, 6, 1, 12, 21, 28, 31, 9, 5, 2, 22, 11, 18, 14, 17]",2000,0.5,4096
320,2048,0.0,674352,857.1560989000027,"[16, 13, 20, 24, 27, 3, 19, 29, 10, 8, 0, 15, 26, 30, 23, 25, 7, 4, 6, 1, 12, 21, 28, 31, 9, 5, 2, 22, 11, 18, 14, 17]",2000,0.5,4096
321,4096,0.0,674352,857.1560989000027,"[16, 13, 20, 24, 27, 3, 19, 29, 10, 8, 0, 15, 26, 30, 23, 25, 7, 4, 6, 1, 12, 21, 28, 31, 9, 5, 2, 22, 11, 18, 14, 17]",2000,0.5,4096
322,0,29.0,2000,2.3146831000012753,"[6, 19, 28, 14, 10, 7, 28, 20, 6, 25, 18, 22, 10, 10, 23, 20, 3, 7, 23, 2, 21, 20, 1, 23, 11, 29, 5, 1, 31, 27, 20, 0]",2000,0.6,4096
323,1,20.0,4002,5.096297799998865,"[15, 9, 7, 24, 10, 15, 1, 17, 5, 13, 19, 0, 0, 11, 20, 30, 1, 29, 20, 3, 5, 27, 31, 9, 4, 29, 29, 17, 2, 28, 23, 6]",2000,0.6,4096
324,2,16.0,6004,7.728652699999657,"[18, 24, 26, 18, 17, 0, 10, 18, 24, 27, 3, 1, 22, 1, 12, 29, 26, 3, 31, 3, 7, 29, 21, 19, 6, 16, 11, 4, 30, 30, 13, 23]",2000,0.6,4096
325,4,15.0,10007,12.708119499999157,"[3, 27, 22, 19, 15, 14, 28, 8, 21, 30, 0, 2, 26, 12, 30, 1, 24, 11, 16, 29, 9, 5, 28, 17, 29, 18, 4, 31, 9, 1, 25, 30]",2000,0.6,4096
326,8,15.0,18011,22.79316050000125,"[3, 27, 22, 19, 15, 14, 28, 8, 21, 30, 0, 2, 26, 12, 30, 1, 24, 11, 16, 29, 9, 5, 28, 17, 29, 18, 4, 31, 9, 1, 25, 30]",2000,0.6,4096
327,16,15.0,34019,42.06193960000019,"[3, 27, 22, 19, 15, 14, 28, 8, 21, 30, 0, 2, 26, 12, 30, 1, 24, 11, 16, 29, 9, 5, 28, 17, 29, 18, 4, 31, 9, 1, 25, 30]",2000,0.6,4096
328,32,14.0,66036,85.26334470000074,"[21, 7, 0, 30, 9, 22, 28, 11, 15, 8, 28, 5, 3, 1, 20, 4, 31, 3, 13, 29, 10, 3, 19, 6, 27, 8, 28, 22, 1, 14, 2, 5]",2000,0.6,4096
329,64,13.0,130069,171.77901550000024,"[13, 21, 5, 15, 28, 28, 20, 6, 6, 25, 10, 26, 9, 22, 22, 4, 27, 24, 24, 19, 30, 3, 24, 21, 16, 3, 29, 12, 3, 8, 18, 14]",2000,0.6,4096
330,128,12.0,258134,333.4614145000014,"[3, 9, 12, 27, 11, 14, 26, 22, 18, 7, 29, 2, 4, 24, 7, 16, 30, 11, 13, 1, 14, 23, 28, 4, 0, 15, 22, 31, 17, 9, 25, 18]",2000,0.6,4096
331,256,11.0,514263,668.3938630000011,"[23, 27, 3, 31, 7, 1, 12, 28, 18, 0, 17, 18, 7, 2, 26, 26, 30, 15, 4, 7, 29, 19, 2, 16, 28, 8, 31, 11, 25, 14, 20, 5]",2000,0.6,4096
332,512,1.0,1026528,1219.5012633999977,"[11, 24, 7, 21, 2, 18, 13, 28, 4, 12, 27, 20, 31, 1, 22, 16, 26, 3, 0, 8, 14, 23, 6, 29, 5, 15, 30, 19, 25, 9, 17, 10]",2000,0.6,4096
333,1024,0.0,1030531,1223.8129592000005,"[11, 24, 7, 21, 13, 18, 20, 28, 4, 12, 27, 2, 31, 1, 22, 16, 26, 3, 0, 8, 14, 23, 6, 29, 5, 15, 30, 19, 25, 9, 17, 10]",2000,0.6,4096
334,2048,0.0,1030531,1223.8129592000005,"[11, 24, 7, 21, 13, 18, 20, 28, 4, 12, 27, 2, 31, 1, 22, 16, 26, 3, 0, 8, 14, 23, 6, 29, 5, 15, 30, 19, 25, 9, 17, 10]",2000,0.6,4096
335,4096,0.0,1030531,1223.8129592000005,"[11, 24, 7, 21, 13, 18, 20, 28, 4, 12, 27, 2, 31, 1, 22, 16, 26, 3, 0, 8, 14, 23, 6, 29, 5, 15, 30, 19, 25, 9, 17, 10]",2000,0.6,4096
336,0,29.0,3000,2.8992127000019536,"[6, 19, 28, 14, 10, 7, 28, 20, 6, 25, 18, 22, 10, 10, 23, 20, 3, 7, 23, 2, 21, 20, 1, 23, 11, 29, 5, 1, 31, 27, 20, 0]",3000,0.1,4096
337,1,18.0,6002,6.431559800003015,"[12, 1, 29, 21, 17, 4, 13, 10, 9, 30, 6, 15, 29, 24, 13, 24, 27, 1, 5, 16, 31, 19, 3, 12, 17, 2, 18, 18, 0, 8, 23, 7]",3000,0.1,4096
338,2,18.0,9003,9.97898669999995,"[12, 1, 29, 21, 17, 4, 13, 10, 9, 30, 6, 15, 29, 24, 13, 24, 27, 1, 5, 16, 31, 19, 3, 12, 17, 2, 18, 18, 0, 8, 23, 7]",3000,0.1,4096
339,4,17.0,15006,16.935964800002694,"[17, 26, 11, 6, 18, 8, 0, 25, 15, 9, 16, 13, 2, 24, 12, 30, 26, 1, 16, 2, 4, 14, 22, 20, 1, 5, 7, 16, 23, 2, 26, 3]",3000,0.1,4096
340,8,15.0,27012,31.00455900000088,"[27, 31, 0, 16, 29, 6, 11, 31, 13, 6, 25, 2, 21, 17, 15, 22, 8, 23, 30, 1, 28, 15, 9, 20, 4, 9, 29, 5, 16, 23, 19, 8]",3000,0.1,4096
341,16,15.0,51020,57.518671099998755,"[27, 31, 0, 16, 29, 6, 11, 31, 13, 6, 25, 2, 21, 17, 15, 22, 8, 23, 30, 1, 28, 15, 9, 20, 4, 9, 29, 5, 16, 23, 19, 8]",3000,0.1,4096
342,32,13.0,99037,112.9690322000024,"[17, 1, 29, 11, 22, 4, 13, 26, 16, 30, 5, 0, 0, 9, 30, 28, 7, 1, 11, 2, 26, 6, 19, 5, 10, 12, 22, 18, 0, 23, 20, 7]",3000,0.1,4096
343,64,12.0,195070,219.08764270000393,"[27, 18, 15, 5, 22, 26, 6, 16, 0, 29, 6, 2, 24, 1, 1, 28, 30, 3, 11, 16, 2, 23, 31, 26, 4, 29, 25, 5, 17, 23, 20, 8]",3000,0.1,4096
344,128,12.0,387134,415.45361350000167,"[27, 18, 15, 5, 22, 26, 6, 16, 0, 29, 6, 2, 24, 1, 1, 28, 30, 3, 11, 16, 2, 23, 31, 26, 4, 29, 25, 5, 17, 23, 20, 8]",3000,0.1,4096
345,256,10.0,771264,810.3676152000044,"[27, 18, 15, 5, 22, 26, 6, 0, 15, 29, 6, 2, 24, 1, 30, 28, 21, 3, 11, 16, 2, 13, 3, 26, 4, 29, 25, 5, 17, 23, 10, 8]",3000,0.1,4096
346,512,0.0,1506519,1530.3492518999992,"[24, 18, 25, 6, 22, 26, 14, 9, 15, 29, 0, 2, 10, 1, 19, 28, 30, 27, 3, 16, 20, 13, 31, 7, 4, 12, 21, 5, 17, 23, 11, 8]",3000,0.1,4096
347,1024,0.0,1506519,1530.3492518999992,"[24, 18, 25, 6, 22, 26, 14, 9, 15, 29, 0, 2, 10, 1, 19, 28, 30, 27, 3, 16, 20, 13, 31, 7, 4, 12, 21, 5, 17, 23, 11, 8]",3000,0.1,4096
348,2048,0.0,1506519,1530.3492518999992,"[24, 18, 25, 6, 22, 26, 14, 9, 15, 29, 0, 2, 10, 1, 19, 28, 30, 27, 3, 16, 20, 13, 31, 7, 4, 12, 21, 5, 17, 23, 11, 8]",3000,0.1,4096
349,4096,0.0,1506519,1530.3492518999992,"[24, 18, 25, 6, 22, 26, 14, 9, 15, 29, 0, 2, 10, 1, 19, 28, 30, 27, 3, 16, 20, 13, 31, 7, 4, 12, 21, 5, 17, 23, 11, 8]",3000,0.1,4096
350,0,29.0,3000,2.7652598999993643,"[6, 19, 28, 14, 10, 7, 28, 20, 6, 25, 18, 22, 10, 10, 23, 20, 3, 7, 23, 2, 21, 20, 1, 23, 11, 29, 5, 1, 31, 27, 20, 0]",3000,0.2,4096
351,1,19.0,6002,5.792785300000105,"[19, 16, 23, 11, 12, 21, 17, 4, 28, 0, 29, 2, 30, 18, 12, 22, 28, 29, 6, 11, 14, 20, 31, 10, 16, 7, 27, 31, 24, 11, 20, 11]",3000,0.2,4096
352,2,18.0,9004,8.829880799996317,"[6, 28, 21, 0, 30, 5, 8, 18, 30, 12, 31, 16, 27, 17, 28, 28, 2, 13, 23, 0, 15, 29, 12, 3, 22, 13, 3, 9, 22, 22, 2, 22]",3000,0.2,4096
353,4,17.0,15007,14.61923840000236,"[21, 16, 31, 31, 4, 7, 0, 16, 24, 10, 3, 17, 6, 12, 2, 22, 7, 25, 27, 23, 4, 26, 13, 11, 14, 5, 7, 12, 15, 2, 29, 1]",3000,0.2,4096
354,8,14.0,27012,26.385384299996076,"[25, 9, 21, 31, 23, 9, 15, 17, 5, 26, 30, 0, 0, 10, 16, 28, 1, 3, 29, 27, 12, 21, 20, 3, 27, 6, 31, 14, 24, 10, 2, 22]",3000,0.2,4096
355,16,13.0,51021,49.51318419999734,"[18, 15, 26, 23, 12, 28, 31, 7, 12, 13, 2, 27, 25, 22, 30, 4, 28, 16, 16, 14, 3, 11, 25, 19, 6, 31, 17, 24, 21, 0, 10, 5]",3000,0.2,4096
356,32,13.0,99037,96.62342379999609,"[18, 15, 26, 23, 12, 28, 31, 7, 12, 13, 2, 27, 25, 22, 30, 4, 28, 16, 16, 14, 3, 11, 25, 19, 6, 31, 17, 24, 21, 0, 10, 5]",3000,0.2,4096
357,64,13.0,195069,197.0976737000019,"[18, 15, 26, 23, 12, 28, 31, 7, 12, 13, 2, 27, 25, 22, 30, 4, 28, 16, 16, 14, 3, 11, 25, 19, 6, 31, 17, 24, 21, 0, 10, 5]",3000,0.2,4096
358,128,12.0,387134,382.9091348000002,"[24, 17, 2, 31, 9, 12, 4, 25, 7, 26, 24, 5, 14, 28, 5, 16, 6, 13, 5, 30, 24, 27, 5, 2, 23, 20, 29, 1, 5, 10, 10, 16]",3000,0.2,4096
359,256,11.0,771263,782.0727556999991,"[18, 21, 23, 17, 13, 4, 28, 7, 24, 29, 2, 5, 3, 10, 29, 4, 17, 30, 22, 8, 31, 7, 25, 16, 6, 31, 11, 1, 27, 0, 11, 14]",3000,0.2,4096
360,512,8.0,1539521,1548.142464800003,"[21, 10, 20, 12, 23, 1, 19, 30, 24, 8, 4, 25, 0, 15, 21, 13, 3, 29, 22, 1, 31, 31, 9, 24, 5, 28, 18, 16, 6, 2, 27, 7]",3000,0.2,4096
361,1024,0.0,2232760,2236.7828431000016,"[7, 19, 15, 8, 23, 5, 0, 17, 24, 10, 12, 2, 26, 1, 20, 30, 25, 29, 22, 4, 31, 14, 9, 3, 6, 28, 18, 16, 11, 13, 27, 21]",3000,0.2,4096
362,2048,0.0,2232760,2236.7828431000016,"[7, 19, 15, 8, 23, 5, 0, 17, 24, 10, 12, 2, 26, 1, 20, 30, 25, 29, 22, 4, 31, 14, 9, 3, 6, 28, 18, 16, 11, 13, 27, 21]",3000,0.2,4096
363,4096,0.0,2232760,2236.7828431000016,"[7, 19, 15, 8, 23, 5, 0, 17, 24, 10, 12, 2, 26, 1, 20, 30, 25, 29, 22, 4, 31, 14, 9, 3, 6, 28, 18, 16, 11, 13, 27, 21]",3000,0.2,4096
364,0,29.0,3000,2.8759110999963013,"[6, 19, 28, 14, 10, 7, 28, 20, 6, 25, 18, 22, 10, 10, 23, 20, 3, 7, 23, 2, 21, 20, 1, 23, 11, 29, 5, 1, 31, 27, 20, 0]",3000,0.3,4096
365,1,18.0,6002,5.933514700001979,"[26, 31, 7, 3, 30, 14, 23, 14, 15, 12, 18, 27, 29, 7, 24, 0, 6, 31, 1, 21, 12, 21, 20, 7, 28, 26, 17, 4, 25, 16, 11, 8]",3000,0.3,4096
366,2,17.0,9004,9.095010600001842,"[31, 7, 4, 31, 8, 16, 10, 31, 11, 27, 20, 4, 28, 5, 14, 27, 7, 30, 6, 15, 9, 12, 22, 3, 14, 19, 13, 26, 4, 1, 29, 5]",3000,0.3,4096
367,4,16.0,15007,15.075880099997448,"[29, 4, 10, 7, 11, 17, 17, 2, 3, 8, 0, 9, 13, 6, 0, 25, 22, 19, 20, 2, 14, 25, 30, 12, 15, 23, 0, 6, 31, 26, 13, 16]",3000,0.3,4096
368,8,16.0,27011,28.341903399996227,"[29, 4, 10, 7, 11, 17, 17, 2, 3, 8, 0, 9, 13, 6, 0, 25, 22, 19, 20, 2, 14, 25, 30, 12, 15, 23, 0, 6, 31, 26, 13, 16]",3000,0.3,4096
369,16,15.0,51020,54.375023799999326,"[30, 1, 7, 24, 15, 19, 23, 22, 7, 11, 28, 7, 19, 4, 8, 27, 20, 0, 17, 22, 30, 5, 3, 0, 19, 26, 29, 13, 2, 31, 9, 9]",3000,0.3,4096
370,32,14.0,99037,103.05889849999949,"[15, 7, 22, 0, 2, 27, 6, 10, 17, 28, 26, 2, 6, 18, 13, 11, 5, 5, 28, 16, 29, 22, 12, 9, 1, 15, 19, 3, 23, 21, 1, 16]",3000,0.3,4096
371,64,11.0,195071,221.39515389999724,"[18, 6, 10, 2, 31, 20, 9, 26, 1, 15, 16, 24, 22, 25, 6, 26, 23, 0, 9, 8, 29, 8, 6, 13, 21, 19, 30, 28, 14, 1, 27, 9]",3000,0.3,4096
372,128,11.0,387135,459.04641750000155,"[18, 6, 10, 2, 31, 20, 9, 26, 1, 15, 16, 24, 22, 25, 6, 26, 23, 0, 9, 8, 29, 8, 6, 13, 21, 19, 30, 28, 14, 1, 27, 9]",3000,0.3,4096
373,256,10.0,771264,882.1285148000024,"[3, 20, 20, 24, 0, 18, 11, 1, 17, 19, 26, 31, 8, 6, 21, 3, 30, 28, 16, 12, 1, 5, 2, 10, 25, 31, 4, 31, 23, 31, 22, 9]",3000,0.3,4096
374,512,10.0,1104375,1198.3245878000016,"[3, 20, 20, 24, 0, 18, 11, 1, 17, 19, 26, 31, 8, 6, 21, 3, 30, 28, 16, 12, 1, 5, 2, 10, 25, 31, 4, 31, 23, 31, 22, 9]",3000,0.3,4096
375,1024,10.0,1104375,1198.3245878000016,"[3, 20, 20, 24, 0, 18, 11, 1, 17, 19, 26, 31, 8, 6, 21, 3, 30, 28, 16, 12, 1, 5, 2, 10, 25, 31, 4, 31, 23, 31, 22, 9]",3000,0.3,4096
376,2048,10.0,1104375,1198.3245878000016,"[3, 20, 20, 24, 0, 18, 11, 1, 17, 19, 26, 31, 8, 6, 21, 3, 30, 28, 16, 12, 1, 5, 2, 10, 25, 31, 4, 31, 23, 31, 22, 9]",3000,0.3,4096
377,4096,10.0,1104375,1198.3245878000016,"[3, 20, 20, 24, 0, 18, 11, 1, 17, 19, 26, 31, 8, 6, 21, 3, 30, 28, 16, 12, 1, 5, 2, 10, 25, 31, 4, 31, 23, 31, 22, 9]",3000,0.3,4096
378,0,29.0,3000,2.77900480000244,"[6, 19, 28, 14, 10, 7, 28, 20, 6, 25, 18, 22, 10, 10, 23, 20, 3, 7, 23, 2, 21, 20, 1, 23, 11, 29, 5, 1, 31, 27, 20, 0]",3000,0.4,4096
379,1,15.0,6002,5.962809600001492,"[11, 4, 0, 21, 18, 28, 30, 15, 17, 25, 16, 13, 11, 17, 4, 6, 3, 3, 29, 12, 8, 28, 22, 14, 7, 2, 19, 28, 23, 6, 26, 27]",3000,0.4,4096
380,2,15.0,9003,9.451087100002042,"[11, 4, 0, 21, 18, 28, 30, 15, 17, 25, 16, 13, 11, 17, 4, 6, 3, 3, 29, 12, 8, 28, 22, 14, 7, 2, 19, 28, 23, 6, 26, 27]",3000,0.4,4096
381,4,15.0,15005,16.317873800006055,"[11, 4, 0, 21, 18, 28, 30, 15, 17, 25, 16, 13, 11, 17, 4, 6, 3, 3, 29, 12, 8, 28, 22, 14, 7, 2, 19, 28, 23, 6, 26, 27]",3000,0.4,4096
382,8,14.0,27010,28.60344620000251,"[16, 31, 25, 18, 10, 21, 30, 12, 30, 26, 24, 1, 13, 17, 23, 3, 7, 0, 29, 31, 20, 22, 19, 31, 12, 5, 25, 5, 31, 27, 15, 6]",3000,0.4,4096
383,16,14.0,51018,53.16187830000126,"[16, 31, 25, 18, 10, 21, 30, 12, 30, 26, 24, 1, 13, 17, 23, 3, 7, 0, 29, 31, 20, 22, 19, 31, 12, 5, 25, 5, 31, 27, 15, 6]",3000,0.4,4096
384,32,14.0,99034,103.39172300000064,"[16, 31, 25, 18, 10, 21, 30, 12, 30, 26, 24, 1, 13, 17, 23, 3, 7, 0, 29, 31, 20, 22, 19, 31, 12, 5, 25, 5, 31, 27, 15, 6]",3000,0.4,4096
385,64,13.0,195067,201.59674520000408,"[7, 29, 15, 18, 14, 5, 29, 6, 19, 2, 12, 14, 28, 17, 11, 23, 30, 13, 24, 1, 8, 20, 11, 21, 3, 27, 10, 28, 9, 19, 15, 25]",3000,0.4,4096
386,128,12.0,387132,383.5760645000046,"[28, 20, 13, 9, 14, 1, 1, 10, 3, 18, 30, 24, 11, 7, 29, 1, 13, 2, 6, 31, 2, 22, 26, 21, 27, 7, 12, 8, 25, 4, 19, 23]",3000,0.4,4096
387,256,11.0,771261,763.1768945000003,"[24, 14, 9, 13, 31, 12, 4, 22, 25, 11, 21, 1, 30, 1, 23, 12, 7, 22, 8, 3, 20, 27, 10, 0, 17, 20, 5, 28, 2, 5, 19, 18]",3000,0.4,4096
388,512,0.0,1491512,1411.669570500002,"[26, 4, 7, 5, 13, 22, 25, 27, 24, 15, 11, 2, 6, 17, 21, 23, 30, 3, 29, 31, 8, 1, 18, 0, 9, 12, 19, 16, 20, 28, 14, 10]",3000,0.4,4096
389,1024,0.0,1491512,1411.669570500002,"[26, 4, 7, 5, 13, 22, 25, 27, 24, 15, 11, 2, 6, 17, 21, 23, 30, 3, 29, 31, 8, 1, 18, 0, 9, 12, 19, 16, 20, 28, 14, 10]",3000,0.4,4096
390,2048,0.0,1491512,1411.669570500002,"[26, 4, 7, 5, 13, 22, 25, 27, 24, 15, 11, 2, 6, 17, 21, 23, 30, 3, 29, 31, 8, 1, 18, 0, 9, 12, 19, 16, 20, 28, 14, 10]",3000,0.4,4096
391,4096,0.0,1491512,1411.669570500002,"[26, 4, 7, 5, 13, 22, 25, 27, 24, 15, 11, 2, 6, 17, 21, 23, 30, 3, 29, 31, 8, 1, 18, 0, 9, 12, 19, 16, 20, 28, 14, 10]",3000,0.4,4096
392,0,29.0,3000,2.7291153999976814,"[6, 19, 28, 14, 10, 7, 28, 20, 6, 25, 18, 22, 10, 10, 23, 20, 3, 7, 23, 2, 21, 20, 1, 23, 11, 29, 5, 1, 31, 27, 20, 0]",3000,0.5,4096
393,1,19.0,6002,5.649775999998383,"[5, 25, 7, 31, 13, 23, 2, 11, 15, 21, 29, 22, 10, 0, 22, 30, 8, 12, 24, 22, 10, 20, 23, 23, 16, 4, 12, 24, 29, 17, 18, 8]",3000,0.5,4096
394,2,18.0,9004,8.519201700000849,"[15, 18, 19, 10, 23, 2, 13, 3, 17, 14, 1, 9, 15, 27, 14, 14, 5, 22, 6, 13, 10, 27, 30, 15, 25, 31, 11, 8, 18, 16, 0, 28]",3000,0.5,4096
395,4,16.0,15008,14.278018199998769,"[29, 20, 10, 28, 26, 5, 19, 27, 24, 14, 1, 7, 1, 25, 29, 4, 23, 31, 29, 4, 25, 15, 17, 3, 11, 13, 9, 25, 5, 21, 6, 31]",3000,0.5,4096
396,8,14.0,27014,25.734523300001456,"[20, 2, 25, 15, 31, 29, 9, 14, 21, 7, 16, 26, 23, 20, 30, 5, 1, 10, 28, 6, 28, 4, 24, 7, 0, 7, 30, 18, 2, 9, 22, 8]",3000,0.5,4096
397,16,14.0,51022,48.432253899998614,"[20, 2, 25, 15, 31, 29, 9, 14, 21, 7, 16, 26, 23, 20, 30, 5, 1, 10, 28, 6, 28, 4, 24, 7, 0, 7, 30, 18, 2, 9, 22, 8]",3000,0.5,4096
398,32,14.0,99038,95.25463920000038,"[20, 2, 25, 15, 31, 29, 9, 14, 21, 7, 16, 26, 23, 20, 30, 5, 1, 10, 28, 6, 28, 4, 24, 7, 0, 7, 30, 18, 2, 9, 22, 8]",3000,0.5,4096
399,64,13.0,195071,194.03679900000134,"[24, 12, 3, 13, 25, 27, 11, 0, 19, 21, 5, 0, 6, 13, 20, 13, 30, 7, 22, 1, 29, 12, 26, 2, 16, 8, 3, 26, 31, 9, 14, 19]",3000,0.5,4096
400,128,12.0,387136,379.10709179999685,"[21, 14, 17, 13, 7, 1, 24, 0, 9, 10, 28, 19, 6, 30, 20, 5, 23, 11, 4, 23, 4, 19, 31, 3, 26, 22, 29, 2, 13, 16, 3, 1]",3000,0.5,4096
401,256,12.0,771264,729.5927381000001,"[21, 14, 17, 13, 7, 1, 24, 0, 9, 10, 28, 19, 6, 30, 20, 5, 23, 11, 4, 23, 4, 19, 31, 3, 26, 22, 29, 2, 13, 16, 3, 1]",3000,0.5,4096
402,512,10.0,1539522,1459.5808570000008,"[21, 14, 29, 10, 1, 20, 11, 11, 28, 7, 13, 3, 12, 31, 8, 5, 28, 10, 23, 1, 19, 27, 24, 30, 16, 1, 9, 22, 0, 18, 4, 6]",3000,0.5,4096
403,1024,0.0,2115722,1982.6414933999986,"[15, 10, 25, 20, 16, 12, 27, 5, 21, 4, 0, 7, 14, 1, 11, 6, 19, 2, 23, 29, 31, 22, 8, 17, 28, 3, 13, 26, 9, 18, 30, 24]",3000,0.5,4096
404,2048,0.0,2115722,1982.6414933999986,"[15, 10, 25, 20, 16, 12, 27, 5, 21, 4, 0, 7, 14, 1, 11, 6, 19, 2, 23, 29, 31, 22, 8, 17, 28, 3, 13, 26, 9, 18, 30, 24]",3000,0.5,4096
405,4096,0.0,2115722,1982.6414933999986,"[15, 10, 25, 20, 16, 12, 27, 5, 21, 4, 0, 7, 14, 1, 11, 6, 19, 2, 23, 29, 31, 22, 8, 17, 28, 3, 13, 26, 9, 18, 30, 24]",3000,0.5,4096
406,0,29.0,3000,2.362470199994277,"[6, 19, 28, 14, 10, 7, 28, 20, 6, 25, 18, 22, 10, 10, 23, 20, 3, 7, 23, 2, 21, 20, 1, 23, 11, 29, 5, 1, 31, 27, 20, 0]",3000,0.6,4096
407,1,19.0,6002,4.967309100000421,"[0, 18, 23, 31, 2, 31, 1, 16, 24, 10, 25, 2, 6, 9, 2, 28, 7, 24, 27, 23, 4, 26, 9, 11, 17, 5, 7, 17, 5, 22, 29, 8]",3000,0.6,4096
408,2,18.0,9004,7.590517999997246,"[1, 0, 27, 28, 31, 22, 28, 18, 14, 2, 27, 29, 9, 15, 10, 3, 21, 30, 5, 23, 25, 15, 12, 27, 2, 3, 17, 19, 11, 20, 11, 20]",3000,0.6,4096
409,4,16.0,15007,12.524870499997633,"[1, 13, 11, 7, 25, 0, 22, 5, 16, 30, 23, 31, 4, 10, 3, 20, 29, 3, 19, 12, 27, 23, 12, 29, 15, 11, 6, 11, 26, 28, 9, 0]",3000,0.6,4096
410,8,14.0,27012,22.34541139999783,"[18, 11, 5, 27, 12, 1, 17, 29, 31, 6, 0, 2, 26, 30, 15, 2, 26, 21, 2, 28, 26, 1, 15, 4, 0, 7, 20, 18, 16, 25, 19, 2]",3000,0.6,4096
411,16,14.0,51020,42.163709599997674,"[18, 11, 5, 27, 12, 1, 17, 29, 31, 6, 0, 2, 26, 30, 15, 2, 26, 21, 2, 28, 26, 1, 15, 4, 0, 7, 20, 18, 16, 25, 19, 2]",3000,0.6,4096
412,32,13.0,99037,82.54391570000007,"[14, 20, 2, 8, 29, 27, 10, 22, 15, 22, 10, 22, 7, 6, 1, 31, 25, 19, 16, 7, 21, 23, 0, 31, 3, 24, 30, 18, 2, 9, 26, 4]",3000,0.6,4096
413,64,12.0,195070,161.1923949999982,"[9, 11, 6, 10, 16, 19, 7, 28, 7, 5, 26, 30, 2, 24, 14, 18, 23, 1, 31, 8, 25, 17, 3, 29, 2, 0, 5, 4, 13, 27, 21, 20]",3000,0.6,4096
414,128,12.0,387134,316.30856449999555,"[9, 11, 6, 10, 16, 19, 7, 28, 7, 5, 26, 30, 2, 24, 14, 18, 23, 1, 31, 8, 25, 17, 3, 29, 2, 0, 5, 4, 13, 27, 21, 20]",3000,0.6,4096
415,256,12.0,738251,751.2078099999999,"[9, 11, 6, 10, 16, 19, 7, 28, 7, 5, 26, 30, 2, 24, 14, 18, 23, 1, 31, 8, 25, 17, 3, 29, 2, 0, 5, 4, 13, 27, 21, 20]",3000,0.6,4096
416,512,12.0,738251,751.2078099999999,"[9, 11, 6, 10, 16, 19, 7, 28, 7, 5, 26, 30, 2, 24, 14, 18, 23, 1, 31, 8, 25, 17, 3, 29, 2, 0, 5, 4, 13, 27, 21, 20]",3000,0.6,4096
417,1024,12.0,738251,751.2078099999999,"[9, 11, 6, 10, 16, 19, 7, 28, 7, 5, 26, 30, 2, 24, 14, 18, 23, 1, 31, 8, 25, 17, 3, 29, 2, 0, 5, 4, 13, 27, 21, 20]",3000,0.6,4096
418,2048,12.0,738251,751.2078099999999,"[9, 11, 6, 10, 16, 19, 7, 28, 7, 5, 26, 30, 2, 24, 14, 18, 23, 1, 31, 8, 25, 17, 3, 29, 2, 0, 5, 4, 13, 27, 21, 20]",3000,0.6,4096
419,4096,12.0,738251,751.2078099999999,"[9, 11, 6, 10, 16, 19, 7, 28, 7, 5, 26, 30, 2, 24, 14, 18, 23, 1, 31, 8, 25, 17, 3, 29, 2, 0, 5, 4, 13, 27, 21, 20]",3000,0.6,4096
420,0,29.0,4000,5.903847999994468,"[6, 19, 28, 14, 10, 7, 28, 20, 6, 25, 18, 22, 10, 10, 23, 20, 3, 7, 23, 2, 21, 20, 1, 23, 11, 29, 5, 1, 31, 27, 20, 0]",4000,0.1,4096
421,1,17.0,8002,12.378157699997246,"[5, 13, 27, 9, 16, 20, 24, 9, 7, 13, 31, 17, 8, 21, 3, 29, 20, 2, 13, 13, 6, 0, 4, 1, 19, 28, 22, 10, 14, 20, 30, 27]",4000,0.1,4096
422,2,17.0,12003,19.07549039999867,"[5, 13, 27, 9, 16, 20, 24, 9, 7, 13, 31, 17, 8, 21, 3, 29, 20, 2, 13, 13, 6, 0, 4, 1, 19, 28, 22, 10, 14, 20, 30, 27]",4000,0.1,4096
423,4,16.0,20006,31.577867699998023,"[5, 13, 27, 3, 20, 20, 24, 31, 7, 28, 30, 17, 8, 21, 31, 29, 20, 2, 15, 13, 6, 0, 4, 1, 19, 28, 22, 10, 14, 11, 25, 27]",4000,0.1,4096
424,8,15.0,36011,54.757136100000935,"[18, 25, 15, 20, 3, 6, 9, 7, 5, 1, 6, 26, 5, 1, 20, 15, 26, 19, 29, 27, 0, 8, 17, 6, 9, 2, 31, 13, 3, 16, 20, 12]",4000,0.1,4096
425,16,15.0,68019,96.15132789999916,"[18, 25, 15, 20, 3, 6, 9, 7, 5, 1, 6, 26, 5, 1, 20, 15, 26, 19, 29, 27, 0, 8, 17, 6, 9, 2, 31, 13, 3, 16, 20, 12]",4000,0.1,4096
426,32,14.0,132036,147.3306747999959,"[24, 3, 20, 9, 16, 5, 22, 27, 0, 10, 4, 26, 0, 21, 31, 2, 30, 10, 23, 28, 1, 25, 17, 0, 14, 29, 24, 27, 19, 26, 12, 2]",4000,0.1,4096
427,64,13.0,260069,426.76908879999974,"[18, 16, 19, 15, 15, 20, 25, 9, 24, 5, 1, 19, 3, 0, 2, 21, 13, 7, 8, 11, 30, 6, 29, 26, 28, 23, 12, 6, 9, 30, 4, 29]",4000,0.1,4096
428,128,11.0,516134,1135.1142694999944,"[11, 31, 14, 26, 4, 18, 1, 31, 27, 0, 30, 15, 1, 29, 6, 21, 1, 7, 4, 0, 28, 18, 23, 2, 4, 9, 27, 3, 5, 12, 8, 20]",4000,0.1,4096
429,256,11.0,1028262,2712.503143599999,"[11, 31, 14, 26, 4, 18, 1, 31, 27, 0, 30, 15, 1, 29, 6, 21, 1, 7, 4, 0, 28, 18, 23, 2, 4, 9, 27, 3, 5, 12, 8, 20]",4000,0.1,4096
430,512,11.0,1132288,3047.1571817000004,"[11, 31, 14, 26, 4, 18, 1, 31, 27, 0, 30, 15, 1, 29, 6, 21, 1, 7, 4, 0, 28, 18, 23, 2, 4, 9, 27, 3, 5, 12, 8, 20]",4000,0.1,4096
431,1024,11.0,1132288,3047.1571817000004,"[11, 31, 14, 26, 4, 18, 1, 31, 27, 0, 30, 15, 1, 29, 6, 21, 1, 7, 4, 0, 28, 18, 23, 2, 4, 9, 27, 3, 5, 12, 8, 20]",4000,0.1,4096
432,2048,11.0,1132288,3047.1571817000004,"[11, 31, 14, 26, 4, 18, 1, 31, 27, 0, 30, 15, 1, 29, 6, 21, 1, 7, 4, 0, 28, 18, 23, 2, 4, 9, 27, 3, 5, 12, 8, 20]",4000,0.1,4096
433,4096,11.0,1132288,3047.1571817000004,"[11, 31, 14, 26, 4, 18, 1, 31, 27, 0, 30, 15, 1, 29, 6, 21, 1, 7, 4, 0, 28, 18, 23, 2, 4, 9, 27, 3, 5, 12, 8, 20]",4000,0.1,4096
434,0,29.0,4000,9.429473200005305,"[6, 19, 28, 14, 10, 7, 28, 20, 6, 25, 18, 22, 10, 10, 23, 20, 3, 7, 23, 2, 21, 20, 1, 23, 11, 29, 5, 1, 31, 27, 20, 0]",4000,0.2,4096
435,1,16.0,8002,20.404429499998514,"[21, 28, 22, 29, 3, 13, 1, 8, 24, 13, 17, 24, 23, 18, 5, 1, 8, 26, 31, 9, 17, 16, 20, 0, 30, 27, 22, 3, 6, 11, 8, 2]",4000,0.2,4096
436,2,16.0,12003,39.849663100001635,"[21, 28, 22, 29, 3, 13, 1, 8, 24, 13, 17, 24, 23, 18, 5, 1, 8, 26, 31, 9, 17, 16, 20, 0, 30, 27, 22, 3, 6, 11, 8, 2]",4000,0.2,4096
437,4,16.0,20005,77.03699900000356,"[21, 28, 22, 29, 3, 13, 1, 8, 24, 13, 17, 24, 23, 18, 5, 1, 8, 26, 31, 9, 17, 16, 20, 0, 30, 27, 22, 3, 6, 11, 8, 2]",4000,0.2,4096
438,8,16.0,36009,146.78424580000137,"[21, 28, 22, 29, 3, 13, 1, 8, 24, 13, 17, 24, 23, 18, 5, 1, 8, 26, 31, 9, 17, 16, 20, 0, 30, 27, 22, 3, 6, 11, 8, 2]",4000,0.2,4096
439,16,14.0,68019,246.0980458999984,"[21, 28, 23, 29, 3, 9, 12, 3, 16, 25, 17, 24, 23, 18, 5, 7, 1, 26, 0, 9, 17, 20, 20, 0, 30, 27, 10, 3, 6, 9, 31, 2]",4000,0.2,4096
440,32,14.0,132035,449.51030020000326,"[21, 28, 23, 29, 3, 9, 12, 3, 16, 25, 17, 24, 23, 18, 5, 7, 1, 26, 0, 9, 17, 20, 20, 0, 30, 27, 10, 3, 6, 9, 31, 2]",4000,0.2,4096
441,64,13.0,260068,867.0793495000034,"[23, 22, 26, 8, 3, 13, 24, 8, 17, 4, 27, 24, 27, 20, 7, 5, 30, 29, 1, 24, 0, 19, 14, 21, 18, 6, 0, 25, 10, 16, 2, 10]",4000,0.2,4096
442,128,12.0,516133,1795.7820094999988,"[22, 26, 9, 13, 1, 10, 25, 23, 19, 30, 28, 27, 6, 12, 23, 18, 24, 3, 6, 15, 22, 2, 7, 28, 22, 31, 21, 5, 20, 16, 17, 24]",4000,0.2,4096
443,256,12.0,1028261,2822.0482472000003,"[22, 26, 9, 13, 1, 10, 25, 23, 19, 30, 28, 27, 6, 12, 23, 18, 24, 3, 6, 15, 22, 2, 7, 28, 22, 31, 21, 5, 20, 16, 17, 24]",4000,0.2,4096
444,512,12.0,1084275,2880.9288059000028,"[22, 26, 9, 13, 1, 10, 25, 23, 19, 30, 28, 27, 6, 12, 23, 18, 24, 3, 6, 15, 22, 2, 7, 28, 22, 31, 21, 5, 20, 16, 17, 24]",4000,0.2,4096
445,1024,12.0,1084275,2880.9288059000028,"[22, 26, 9, 13, 1, 10, 25, 23, 19, 30, 28, 27, 6, 12, 23, 18, 24, 3, 6, 15, 22, 2, 7, 28, 22, 31, 21, 5, 20, 16, 17, 24]",4000,0.2,4096
446,2048,12.0,1084275,2880.9288059000028,"[22, 26, 9, 13, 1, 10, 25, 23, 19, 30, 28, 27, 6, 12, 23, 18, 24, 3, 6, 15, 22, 2, 7, 28, 22, 31, 21, 5, 20, 16, 17, 24]",4000,0.2,4096
447,4096,12.0,1084275,2880.9288059000028,"[22, 26, 9, 13, 1, 10, 25, 23, 19, 30, 28, 27, 6, 12, 23, 18, 24, 3, 6, 15, 22, 2, 7, 28, 22, 31, 21, 5, 20, 16, 17, 24]",4000,0.2,4096
448,0,29.0,4000,3.1007066999954986,"[6, 19, 28, 14, 10, 7, 28, 20, 6, 25, 18, 22, 10, 10, 23, 20, 3, 7, 23, 2, 21, 20, 1, 23, 11, 29, 5, 1, 31, 27, 20, 0]",4000,0.3,4096
449,1,18.0,8002,6.49371109999629,"[22, 3, 14, 17, 27, 0, 23, 6, 7, 10, 8, 21, 25, 8, 19, 11, 4, 0, 25, 20, 12, 24, 2, 26, 1, 9, 3, 11, 9, 2, 30, 28]",4000,0.3,4096
450,2,18.0,12003,9.93319530000008,"[22, 3, 14, 17, 27, 0, 23, 6, 7, 10, 8, 21, 25, 8, 19, 11, 4, 0, 25, 20, 12, 24, 2, 26, 1, 9, 3, 11, 9, 2, 30, 28]",4000,0.3,4096
451,4,15.0,20007,16.660547399995266,"[3, 23, 11, 3, 25, 31, 26, 5, 26, 4, 5, 24, 29, 12, 19, 21, 13, 2, 14, 7, 10, 9, 1, 28, 16, 6, 20, 20, 0, 12, 22, 17]",4000,0.3,4096
452,8,15.0,36011,29.890473599996767,"[3, 23, 11, 3, 25, 31, 26, 5, 26, 4, 5, 24, 29, 12, 19, 21, 13, 2, 14, 7, 10, 9, 1, 28, 16, 6, 20, 20, 0, 12, 22, 17]",4000,0.3,4096
453,16,14.0,68020,56.446584400000575,"[27, 30, 13, 31, 12, 1, 21, 29, 15, 30, 14, 0, 30, 23, 20, 10, 4, 28, 31, 22, 23, 8, 7, 24, 2, 25, 19, 1, 10, 26, 16, 21]",4000,0.3,4096
454,32,14.0,132036,109.60934550000093,"[27, 30, 13, 31, 12, 1, 21, 29, 15, 30, 14, 0, 30, 23, 20, 10, 4, 28, 31, 22, 23, 8, 7, 24, 2, 25, 19, 1, 10, 26, 16, 21]",4000,0.3,4096
455,64,13.0,260069,235.388941899997,"[16, 31, 15, 23, 29, 5, 17, 29, 7, 5, 0, 18, 9, 15, 6, 0, 27, 27, 21, 0, 4, 24, 28, 12, 3, 20, 20, 25, 14, 2, 0, 22]",4000,0.3,4096
456,128,10.0,516134,477.8744399999996,"[12, 22, 6, 7, 29, 15, 30, 24, 13, 17, 4, 29, 1, 14, 27, 5, 0, 26, 11, 18, 12, 1, 3, 12, 31, 21, 2, 2, 23, 16, 8, 25]",4000,0.3,4096
457,256,10.0,1028262,968.934861099995,"[12, 22, 6, 7, 29, 15, 30, 24, 13, 17, 4, 29, 1, 14, 27, 5, 0, 26, 11, 18, 12, 1, 3, 12, 31, 21, 2, 2, 23, 16, 8, 25]",4000,0.3,4096
458,512,10.0,1100280,1037.7008657999977,"[12, 22, 6, 7, 29, 15, 30, 24, 13, 17, 4, 29, 1, 14, 27, 5, 0, 26, 11, 18, 12, 1, 3, 12, 31, 21, 2, 2, 23, 16, 8, 25]",4000,0.3,4096
459,1024,10.0,1100280,1037.7008657999977,"[12, 22, 6, 7, 29, 15, 30, 24, 13, 17, 4, 29, 1, 14, 27, 5, 0, 26, 11, 18, 12, 1, 3, 12, 31, 21, 2, 2, 23, 16, 8, 25]",4000,0.3,4096
460,2048,10.0,1100280,1037.7008657999977,"[12, 22, 6, 7, 29, 15, 30, 24, 13, 17, 4, 29, 1, 14, 27, 5, 0, 26, 11, 18, 12, 1, 3, 12, 31, 21, 2, 2, 23, 16, 8, 25]",4000,0.3,4096
461,4096,10.0,1100280,1037.7008657999977,"[12, 22, 6, 7, 29, 15, 30, 24, 13, 17, 4, 29, 1, 14, 27, 5, 0, 26, 11, 18, 12, 1, 3, 12, 31, 21, 2, 2, 23, 16, 8, 25]",4000,0.3,4096
462,0,29.0,4000,3.503049799997825,"[6, 19, 28, 14, 10, 7, 28, 20, 6, 25, 18, 22, 10, 10, 23, 20, 3, 7, 23, 2, 21, 20, 1, 23, 11, 29, 5, 1, 31, 27, 20, 0]",4000,0.4,4096
463,1,18.0,8002,7.31965130000026,"[22, 3, 14, 17, 27, 0, 23, 6, 7, 10, 8, 21, 25, 8, 19, 11, 4, 0, 25, 20, 12, 24, 2, 26, 1, 9, 3, 11, 9, 2, 30, 28]",4000,0.4,4096
464,2,18.0,12003,11.156959400002961,"[22, 3, 14, 17, 27, 0, 23, 6, 7, 10, 8, 21, 25, 8, 19, 11, 4, 0, 25, 20, 12, 24, 2, 26, 1, 9, 3, 11, 9, 2, 30, 28]",4000,0.4,4096
465,4,14.0,20006,18.93903539999883,"[18, 28, 5, 7, 25, 21, 13, 10, 18, 11, 27, 1, 15, 7, 2, 26, 31, 0, 16, 12, 4, 29, 22, 17, 6, 24, 10, 19, 23, 6, 8, 28]",4000,0.4,4096
466,8,14.0,36010,33.98479319999751,"[18, 28, 5, 7, 25, 21, 13, 10, 18, 11, 27, 1, 15, 7, 2, 26, 31, 0, 16, 12, 4, 29, 22, 17, 6, 24, 10, 19, 23, 6, 8, 28]",4000,0.4,4096
467,16,14.0,68018,64.41735719999997,"[18, 28, 5, 7, 25, 21, 13, 10, 18, 11, 27, 1, 15, 7, 2, 26, 31, 0, 16, 12, 4, 29, 22, 17, 6, 24, 10, 19, 23, 6, 8, 28]",4000,0.4,4096
468,32,14.0,132034,124.14351429999806,"[18, 28, 5, 7, 25, 21, 13, 10, 18, 11, 27, 1, 15, 7, 2, 26, 31, 0, 16, 12, 4, 29, 22, 17, 6, 24, 10, 19, 23, 6, 8, 28]",4000,0.4,4096
469,64,11.0,260068,244.26295850000315,"[7, 11, 28, 26, 13, 6, 11, 25, 12, 25, 4, 24, 29, 13, 23, 18, 0, 23, 3, 0, 28, 15, 9, 19, 14, 20, 2, 16, 26, 15, 27, 22]",4000,0.4,4096
470,128,11.0,516132,489.2855511000016,"[7, 11, 28, 26, 13, 6, 11, 25, 12, 25, 4, 24, 29, 13, 23, 18, 0, 23, 3, 0, 28, 15, 9, 19, 14, 20, 2, 16, 26, 15, 27, 22]",4000,0.4,4096
471,256,11.0,1028260,975.4270480999985,"[7, 11, 28, 26, 13, 6, 11, 25, 12, 25, 4, 24, 29, 13, 23, 18, 0, 23, 3, 0, 28, 15, 9, 19, 14, 20, 2, 16, 26, 15, 27, 22]",4000,0.4,4096
472,512,11.0,1036262,983.2035742000007,"[7, 11, 28, 26, 13, 6, 11, 25, 12, 25, 4, 24, 29, 13, 23, 18, 0, 23, 3, 0, 28, 15, 9, 19, 14, 20, 2, 16, 26, 15, 27, 22]",4000,0.4,4096
473,1024,11.0,1036262,983.2035742000007,"[7, 11, 28, 26, 13, 6, 11, 25, 12, 25, 4, 24, 29, 13, 23, 18, 0, 23, 3, 0, 28, 15, 9, 19, 14, 20, 2, 16, 26, 15, 27, 22]",4000,0.4,4096
474,2048,11.0,1036262,983.2035742000007,"[7, 11, 28, 26, 13, 6, 11, 25, 12, 25, 4, 24, 29, 13, 23, 18, 0, 23, 3, 0, 28, 15, 9, 19, 14, 20, 2, 16, 26, 15, 27, 22]",4000,0.4,4096
475,4096,11.0,1036262,983.2035742000007,"[7, 11, 28, 26, 13, 6, 11, 25, 12, 25, 4, 24, 29, 13, 23, 18, 0, 23, 3, 0, 28, 15, 9, 19, 14, 20, 2, 16, 26, 15, 27, 22]",4000,0.4,4096
476,0,29.0,4000,3.537639299996954,"[6, 19, 28, 14, 10, 7, 28, 20, 6, 25, 18, 22, 10, 10, 23, 20, 3, 7, 23, 2, 21, 20, 1, 23, 11, 29, 5, 1, 31, 27, 20, 0]",4000,0.5,4096
477,1,18.0,8002,7.425829299994803,"[9, 5, 19, 9, 28, 13, 7, 28, 22, 19, 21, 29, 25, 4, 13, 8, 14, 31, 31, 3, 5, 0, 14, 1, 30, 31, 2, 14, 10, 17, 23, 11]",4000,0.5,4096
478,2,17.0,12004,11.295259200000146,"[16, 1, 25, 25, 31, 13, 9, 7, 14, 20, 15, 26, 30, 6, 19, 5, 7, 19, 3, 22, 11, 29, 0, 24, 9, 8, 4, 21, 18, 16, 28, 12]",4000,0.5,4096
479,4,16.0,20007,18.878477999998722,"[22, 4, 13, 20, 10, 15, 0, 14, 29, 26, 18, 8, 11, 28, 27, 16, 11, 31, 0, 6, 5, 5, 22, 23, 26, 18, 12, 22, 8, 10, 22, 3]",4000,0.5,4096
480,8,13.0,36012,33.96454509999603,"[28, 4, 27, 3, 22, 18, 7, 9, 19, 26, 9, 6, 0, 31, 28, 5, 5, 9, 23, 1, 27, 19, 28, 14, 4, 21, 13, 10, 25, 2, 24, 17]",4000,0.5,4096
481,16,13.0,68020,63.941840200001025,"[28, 4, 27, 3, 22, 18, 7, 9, 19, 26, 9, 6, 0, 31, 28, 5, 5, 9, 23, 1, 27, 19, 28, 14, 4, 21, 13, 10, 25, 2, 24, 17]",4000,0.5,4096
482,32,13.0,132036,123.9052589999992,"[28, 4, 27, 3, 22, 18, 7, 9, 19, 26, 9, 6, 0, 31, 28, 5, 5, 9, 23, 1, 27, 19, 28, 14, 4, 21, 13, 10, 25, 2, 24, 17]",4000,0.5,4096
483,64,12.0,260069,244.4047888999994,"[21, 2, 6, 2, 11, 31, 28, 18, 2, 7, 25, 17, 30, 0, 3, 23, 13, 29, 26, 12, 0, 19, 4, 4, 0, 24, 4, 10, 7, 16, 20, 1]",4000,0.5,4096
484,128,8.0,516134,483.4101468000008,"[24, 18, 12, 1, 22, 31, 10, 28, 14, 5, 11, 0, 21, 28, 20, 29, 27, 4, 2, 9, 3, 26, 15, 30, 16, 6, 25, 29, 19, 1, 12, 17]",4000,0.5,4096
485,256,8.0,1028262,966.414517899997,"[24, 18, 12, 1, 22, 31, 10, 28, 14, 5, 11, 0, 21, 28, 20, 29, 27, 4, 2, 9, 3, 26, 15, 30, 16, 6, 25, 29, 19, 1, 12, 17]",4000,0.5,4096
486,512,8.0,1272323,1196.5504629999996,"[24, 18, 12, 1, 22, 31, 10, 28, 14, 5, 11, 0, 21, 28, 20, 29, 27, 4, 2, 9, 3, 26, 15, 30, 16, 6, 25, 29, 19, 1, 12, 17]",4000,0.5,4096
487,1024,8.0,1272323,1196.5504629999996,"[24, 18, 12, 1, 22, 31, 10, 28, 14, 5, 11, 0, 21, 28, 20, 29, 27, 4, 2, 9, 3, 26, 15, 30, 16, 6, 25, 29, 19, 1, 12, 17]",4000,0.5,4096
488,2048,8.0,1272323,1196.5504629999996,"[24, 18, 12, 1, 22, 31, 10, 28, 14, 5, 11, 0, 21, 28, 20, 29, 27, 4, 2, 9, 3, 26, 15, 30, 16, 6, 25, 29, 19, 1, 12, 17]",4000,0.5,4096
489,4096,8.0,1272323,1196.5504629999996,"[24, 18, 12, 1, 22, 31, 10, 28, 14, 5, 11, 0, 21, 28, 20, 29, 27, 4, 2, 9, 3, 26, 15, 30, 16, 6, 25, 29, 19, 1, 12, 17]",4000,0.5,4096
490,0,29.0,4000,3.6213783000057447,"[6, 19, 28, 14, 10, 7, 28, 20, 6, 25, 18, 22, 10, 10, 23, 20, 3, 7, 23, 2, 21, 20, 1, 23, 11, 29, 5, 1, 31, 27, 20, 0]",4000,0.6,4096
491,1,18.0,8002,7.49586580000323,"[13, 3, 24, 29, 19, 2, 11, 6, 22, 22, 14, 1, 28, 21, 8, 0, 28, 20, 11, 29, 1, 31, 31, 12, 13, 18, 4, 9, 11, 9, 31, 2]",4000,0.6,4096
492,2,17.0,12004,11.320965400002024,"[18, 14, 29, 2, 19, 7, 29, 12, 5, 2, 21, 19, 13, 20, 2, 27, 11, 11, 16, 10, 8, 25, 15, 7, 1, 10, 31, 5, 15, 9, 30, 23]",4000,0.6,4096
493,4,15.0,20007,19.15399730000354,"[18, 2, 13, 14, 8, 0, 31, 17, 31, 25, 20, 30, 11, 15, 6, 27, 24, 25, 4, 7, 1, 14, 21, 26, 11, 3, 16, 0, 10, 23, 9, 28]",4000,0.6,4096
494,8,15.0,36011,34.80697489999875,"[18, 2, 13, 14, 8, 0, 31, 17, 31, 25, 20, 30, 11, 15, 6, 27, 24, 25, 4, 7, 1, 14, 21, 26, 11, 3, 16, 0, 10, 23, 9, 28]",4000,0.6,4096
495,16,13.0,68021,65.36740680000366,"[4, 2, 10, 10, 27, 16, 30, 28, 17, 26, 28, 11, 24, 2, 20, 10, 13, 27, 22, 7, 6, 18, 5, 25, 8, 3, 19, 14, 31, 3, 0, 29]",4000,0.6,4096
496,32,13.0,132037,126.19991410000512,"[4, 2, 10, 10, 27, 16, 30, 28, 17, 26, 28, 11, 24, 2, 20, 10, 13, 27, 22, 7, 6, 18, 5, 25, 8, 3, 19, 14, 31, 3, 0, 29]",4000,0.6,4096
497,64,12.0,260070,248.01414840000507,"[7, 27, 21, 19, 28, 0, 6, 1, 30, 11, 4, 8, 1, 24, 12, 6, 18, 15, 22, 29, 19, 9, 31, 31, 3, 26, 9, 2, 13, 19, 16, 14]",4000,0.6,4096
498,128,12.0,516134,488.34149250000337,"[7, 27, 21, 19, 28, 0, 6, 1, 30, 11, 4, 8, 1, 24, 12, 6, 18, 15, 22, 29, 19, 9, 31, 31, 3, 26, 9, 2, 13, 19, 16, 14]",4000,0.6,4096
499,256,11.0,1028263,986.9798129000046,"[18, 12, 22, 13, 11, 3, 1, 10, 1, 25, 21, 11, 31, 7, 16, 23, 20, 6, 27, 28, 26, 9, 5, 9, 29, 20, 0, 15, 0, 4, 14, 8]",4000,0.6,4096
500,512,10.0,2052520,1955.7993518000003,"[20, 2, 12, 10, 28, 19, 27, 23, 9, 31, 8, 26, 4, 22, 5, 14, 11, 28, 3, 7, 26, 12, 0, 0, 29, 6, 30, 9, 30, 13, 17, 17]",4000,0.6,4096
501,1024,10.0,2188554,2086.302900100003,"[20, 2, 12, 10, 28, 19, 27, 23, 9, 31, 8, 26, 4, 22, 5, 14, 11, 28, 3, 7, 26, 12, 0, 0, 29, 6, 30, 9, 30, 13, 17, 17]",4000,0.6,4096
502,2048,10.0,2188554,2086.302900100003,"[20, 2, 12, 10, 28, 19, 27, 23, 9, 31, 8, 26, 4, 22, 5, 14, 11, 28, 3, 7, 26, 12, 0, 0, 29, 6, 30, 9, 30, 13, 17, 17]",4000,0.6,4096
503,4096,10.0,2188554,2086.302900100003,"[20, 2, 12, 10, 28, 19, 27, 23, 9, 31, 8, 26, 4, 22, 5, 14, 11, 28, 3, 7, 26, 12, 0, 0, 29, 6, 30, 9, 30, 13, 17, 17]",4000,0.6,4096
